city_id,city_name,stac_item_id,acquisition_datetime,acquisition_date,relative_orbit,absolute_orbit,coverage_fraction,coverage_percent,incidence_angle,product_filename,product_download_url
DE05,Munich,S1A_IW_GRDH_1SDV_20250628T051825_20250628T051850_059842_076EB4_2B19_COG,2025-06-28T05:18:25.039915Z,2025-06-28,95,59842,0.8009466440450673,80.09466440450673,39.01998793623821,S1A_IW_GRDH_1SDV_20250628T051825_20250628T051850_059842_076EB4_2B19_COG.SAFE.zip,https://download.dataspace.copernicus.eu/odata/v1/Products(37897337-b6b2-4eb3-bbfb-04edbefdf50d)/$value
DE05,Munich,S1A_IW_GRDH_1SDV_20250511T051827_20250511T051852_059142_075689_8929_COG,2025-05-11T05:18:27.355855Z,2025-05-11,95,59142,0.8006920409998322,80.06920409998321,39.01858616711442,S1A_IW_GRDH_1SDV_20250511T051827_20250511T051852_059142_075689_8929_COG.SAFE.zip,https://download.dataspace.copernicus.eu/odata/v1/Products(0f31fd5f-8aec-4ee4-bb93-16372d6df8dc)/$value
DE05,Munich,S1A_IW_GRDH_1SDV_20250710T051824_20250710T051849_060017_0774C4_B14A_COG,2025-07-10T05:18:24.350898Z,2025-07-10,95,60017,0.8006717356596382,80.06717356596383,39.01695011484805,S1A_IW_GRDH_1SDV_20250710T051824_20250710T051849_060017_0774C4_B14A_COG.SAFE.zip,https://download.dataspace.copernicus.eu/odata/v1/Products(2b46ef66-cdcb-45c7-809c-334190761050)/$value
DE05,Munich,S1A_IW_GRDH_1SDV_20250429T051827_20250429T051852_058967_074FEA_CB2B_COG,2025-04-29T05:18:27.636781Z,2025-04-29,95,58967,0.8004198253614784,80.04198253614784,39.02037671767833,S1A_IW_GRDH_1SDV_20250429T051827_20250429T051852_058967_074FEA_CB2B_COG.SAFE.zip,https://download.dataspace.copernicus.eu/odata/v1/Products(3008356b-bcc2-4437-84a4-9f81ce27780f)/$value
DE05,Munich,S1A_IW_GRDH_1SDV_20250429T051827_20250429T051852_058967_074FEA_7256_COG,2025-04-29T05:18:27.636781Z,2025-04-29,95,58967,0.8004198253614784,80.04198253614784,39.02037671767833,S1A_IW_GRDH_1SDV_20250429T051827_20250429T051852_058967_074FEA_7256_COG.SAFE.zip,https://download.dataspace.copernicus.eu/odata/v1/Products(0a87b5f0-9e71-43bc-a6ba-8c884abb3866)/$value
DE05,Munich,S1A_IW_GRDH_1SDV_20250722T051823_20250722T051848_060192_077AC7_6575_COG,2025-07-22T05:18:23.752732Z,2025-07-22,95,60192,0.8004017960634455,80.04017960634455,39.01805863411435,S1A_IW_GRDH_1SDV_20250722T051823_20250722T051848_060192_077AC7_6575_COG.SAFE.zip,https://download.dataspace.copernicus.eu/odata/v1/Products(0da8e3fa-75ac-4687-9253-de6abdba1b9e)/$value
DE05,Munich,S1A_IW_GRDH_1SDV_20250616T051825_20250616T051850_059667_0768A2_EF97_COG,2025-06-16T05:18:25.536695Z,2025-06-16,95,59667,0.80013158332221,80.013158332221,39.01884603950259,S1A_IW_GRDH_1SDV_20250616T051825_20250616T051850_059667_0768A2_EF97_COG.SAFE.zip,https://download.dataspace.copernicus.eu/odata/v1/Products(e6e57f64-6a22-44c7-91a1-0a28cb137d67)/$value
DE05,Munich,S1A_IW_GRDH_1SDV_20250604T051826_20250604T051851_059492_0762AA_C701_COG,2025-06-04T05:18:26.185866Z,2025-06-04,95,59492,0.8001192494348011,80.01192494348011,39.01828165894566,S1A_IW_GRDH_1SDV_20250604T051826_20250604T051851_059492_0762AA_C701_COG.SAFE.zip,https://download.dataspace.copernicus.eu/odata/v1/Products(2eb9ad4d-3e17-4b57-a29a-3264458b40ec)/$value
DE05,Munich,S1A_IW_GRDH_1SDV_20250523T051826_20250523T051851_059317_075C9A_DB3A_COG,2025-05-23T05:18:26.754757Z,2025-05-23,95,59317,0.8000814857114138,80.00814857114138,39.01795961366751,S1A_IW_GRDH_1SDV_20250523T051826_20250523T051851_059317_075C9A_DB3A_COG.SAFE.zip,https://download.dataspace.copernicus.eu/odata/v1/Products(5ea684fe-e915-43e6-849b-801c5bfef781)/$value
DE05,Munich,S1A_IW_GRDH_1SDV_20250803T051823_20250803T051848_060367_0780CB_DE9B_COG,2025-08-03T05:18:23.590020Z,2025-08-03,95,60367,0.8000751751126816,80.00751751126816,39.01776857189557,S1A_IW_GRDH_1SDV_20250803T051823_20250803T051848_060367_0780CB_DE9B_COG.SAFE.zip,https://download.dataspace.copernicus.eu/odata/v1/Products(2f447bc1-2b97-40c4-a648-5903bc7fd7a3)/$value
DE05,Munich,S1A_IW_GRDH_1SDV_20250827T051823_20250827T051848_060717_078E5D_ABCD_COG,2025-08-27T05:18:23.706669Z,2025-08-27,95,60717,0.7997134551271692,79.97134551271692,39.01790071249822,S1A_IW_GRDH_1SDV_20250827T051823_20250827T051848_060717_078E5D_ABCD_COG.SAFE.zip,https://download.dataspace.copernicus.eu/odata/v1/Products(31abf836-077e-4dcf-89fc-fc9555eca9ea)/$value
DE05,Munich,S1A_IW_GRDH_1SDV_20250815T051823_20250815T051848_060542_078778_1831_COG,2025-08-15T05:18:23.532257Z,2025-08-15,95,60542,0.7994545240849618,79.94545240849618,39.01774284979147,S1A_IW_GRDH_1SDV_20250815T051823_20250815T051848_060542_078778_1831_COG.SAFE.zip,https://download.dataspace.copernicus.eu/odata/v1/Products(547b3978-55d0-418a-bee8-3809042d9336)/$value
DE05,Munich,S1A_IW_GRDH_1SDV_20250908T051824_20250908T051849_060892_079552_B268_COG,2025-09-08T05:18:24.039444Z,2025-09-08,95,60892,0.7990891010840593,79.90891010840593,39.01564574977462,S1A_IW_GRDH_1SDV_20250908T051824_20250908T051849_060892_079552_B268_COG.SAFE.zip,https://download.dataspace.copernicus.eu/odata/v1/Products(855f0312-ce4a-4cbc-856d-47c0e47c8af9)/$value
DE05,Munich,S1A_IW_GRDH_1SDV_20250417T051827_20250417T051852_058792_0748BC_BD84_COG,2025-04-17T05:18:27.142741Z,2025-04-17,95,58792,0.7989663818326205,79.89663818326204,39.01957963014668,S1A_IW_GRDH_1SDV_20250417T051827_20250417T051852_058792_0748BC_BD84_COG.SAFE.zip,https://download.dataspace.copernicus.eu/odata/v1/Products(442b9c3c-42a1-4486-8ac1-155f8ca613ad)/$value
DE05,Munich,S1A_IW_GRDH_1SDV_20250920T051824_20250920T051849_061067_079C54_636A_COG,2025-09-20T05:18:24.333810Z,2025-09-20,95,61067,0.7986585986501932,79.86585986501932,39.01578221148074,S1A_IW_GRDH_1SDV_20250920T051824_20250920T051849_061067_079C54_636A_COG.SAFE.zip,https://download.dataspace.copernicus.eu/odata/v1/Products(ab38bc31-7942-4fb3-86ae-e2f62010d737)/$value
DE05,Munich,S1A_IW_GRDH_1SDV_20251014T051824_20251014T051849_061417_07AA71_D0E6_COG,2025-10-14T05:18:24.653134Z,2025-10-14,95,61417,0.798635899431292,79.8635899431292,39.01637628924028,S1A_IW_GRDH_1SDV_20251014T051824_20251014T051849_061417_07AA71_D0E6_COG.SAFE.zip,https://download.dataspace.copernicus.eu/odata/v1/Products(96fc5e36-ad77-43f1-9d13-1372ffd60f1d)/$value
DE05,Munich,S1A_IW_GRDH_1SDV_20250405T051827_20250405T051852_058617_074196_05B3_COG,2025-04-05T05:18:27.309539Z,2025-04-05,95,58617,0.7981245881595085,79.81245881595085,39.01832093811123,S1A_IW_GRDH_1SDV_20250405T051827_20250405T051852_058617_074196_05B3_COG.SAFE.zip,https://zipper.dataspace.copernicus.eu/odata/v1/Products(88167bc4-1ba6-4f82-9da1-c6fca17276cb)/$value
DE05,Munich,S1A_IW_GRDH_1SDV_20251002T051824_20251002T051849_061242_07A368_E635_COG,2025-10-02T05:18:24.251474Z,2025-10-02,95,61242,0.798022562742536,79.80225627425361,39.01575747451002,S1A_IW_GRDH_1SDV_20251002T051824_20251002T051849_061242_07A368_E635_COG.SAFE.zip,https://download.dataspace.copernicus.eu/odata/v1/Products(149e9d2a-157d-4373-af5a-2a664a26c0b6)/$value
DE05,Munich,S1A_IW_GRDH_1SDV_20251026T051824_20251026T051849_061592_07B177_8BCD_COG,2025-10-26T05:18:24.341022Z,2025-10-26,95,61592,0.7980100852338555,79.80100852338555,39.01298936636758,S1A_IW_GRDH_1SDV_20251026T051824_20251026T051849_061592_07B177_8BCD_COG.SAFE.zip,https://download.dataspace.copernicus.eu/odata/v1/Products(5dee57ad-7192-4d11-b7cc-154883fb6dd8)/$value
DE05,Munich,S1A_IW_GRDH_1SDV_20250703T052633_20250703T052658_059915_077146_1698_COG,2025-07-03T05:26:33.618651Z,2025-07-03,168,59915,0.5966986842767847,59.66986842767847,38.97416635000143,S1A_IW_GRDH_1SDV_20250703T052633_20250703T052658_059915_077146_1698_COG.SAFE.zip,https://download.dataspace.copernicus.eu/odata/v1/Products(a3a5888a-718f-4ba3-a6ce-16181d0f2618)/$value
DE05,Munich,S1A_IW_GRDH_1SDV_20250609T052634_20250609T052659_059565_076523_5E47_COG,2025-06-09T05:26:34.929364Z,2025-06-09,168,59565,0.596540312895409,59.654031289540896,38.97159171508147,S1A_IW_GRDH_1SDV_20250609T052634_20250609T052659_059565_076523_5E47_COG.SAFE.zip,https://download.dataspace.copernicus.eu/odata/v1/Products(57947794-9c71-4293-be72-152867000a5e)/$value
DE05,Munich,S1A_IW_GRDH_1SDV_20250808T052632_20250808T052657_060440_078378_985E_COG,2025-08-08T05:26:32.525472Z,2025-08-08,168,60440,0.5962283075780749,59.622830757807485,38.97090999741817,S1A_IW_GRDH_1SDV_20250808T052632_20250808T052657_060440_078378_985E_COG.SAFE.zip,https://download.dataspace.copernicus.eu/odata/v1/Products(bc75c9d4-f88e-4a95-8b2b-22bd038048b5)/$value
DE05,Munich,S1A_IW_GRDH_1SDV_20250727T052632_20250727T052657_060265_077D4D_B0C3_COG,2025-07-27T05:26:32.655888Z,2025-07-27,168,60265,0.5961747289417304,59.61747289417304,38.97083347231713,S1A_IW_GRDH_1SDV_20250727T052632_20250727T052657_060265_077D4D_B0C3_COG.SAFE.zip,https://download.dataspace.copernicus.eu/odata/v1/Products(14c0ba34-cb50-4903-b4e2-1bc2867c4a43)/$value
DE05,Munich,S1A_IW_GRDH_1SDV_20250715T052633_20250715T052658_060090_077749_BBDE_COG,2025-07-15T05:26:33.008671Z,2025-07-15,168,60090,0.5961441026789851,59.614410267898506,38.97042768838128,S1A_IW_GRDH_1SDV_20250715T052633_20250715T052658_060090_077749_BBDE_COG.SAFE.zip,https://download.dataspace.copernicus.eu/odata/v1/Products(300cdfb8-53d4-41db-bdd7-732ab84e2c11)/$value
DE05,Munich,S1A_IW_GRDH_1SDV_20250621T052634_20250621T052659_059740_076B2D_C15C_COG,2025-06-21T05:26:34.192096Z,2025-06-21,168,59740,0.5960859733799907,59.60859733799907,38.97158552110989,S1A_IW_GRDH_1SDV_20250621T052634_20250621T052659_059740_076B2D_C15C_COG.SAFE.zip,https://download.dataspace.copernicus.eu/odata/v1/Products(7be46097-caea-479c-a22c-cf774885771b)/$value
DE05,Munich,S1A_IW_GRDH_1SDV_20250516T052635_20250516T052700_059215_075912_73EA_COG,2025-05-16T05:26:35.977458Z,2025-05-16,168,59215,0.5958026606218096,59.58026606218097,38.97146640206743,S1A_IW_GRDH_1SDV_20250516T052635_20250516T052700_059215_075912_73EA_COG.SAFE.zip,https://download.dataspace.copernicus.eu/odata/v1/Products(086f9917-a606-43ea-94b8-87719c1eebb8)/$value
DE05,Munich,S1A_IW_GRDH_1SDV_20250504T052636_20250504T052701_059040_0752C4_BF5A_COG,2025-05-04T05:26:36.292895Z,2025-05-04,168,59040,0.5956166828859943,59.56166828859944,38.97182250389032,S1A_IW_GRDH_1SDV_20250504T052636_20250504T052701_059040_0752C4_BF5A_COG.SAFE.zip,https://download.dataspace.copernicus.eu/odata/v1/Products(b12245b7-521b-4890-814f-a9c70c74ec00)/$value
DE05,Munich,S1A_IW_GRDH_1SDV_20250901T052632_20250901T052657_060790_07913E_8AFD_COG,2025-09-01T05:26:32.690025Z,2025-09-01,168,60790,0.5955283350674085,59.55283350674085,38.97059494982054,S1A_IW_GRDH_1SDV_20250901T052632_20250901T052657_060790_07913E_8AFD_COG.SAFE.zip,https://download.dataspace.copernicus.eu/odata/v1/Products(761dcb9a-2fc3-4786-96b2-521d06482fbe)/$value
DE05,Munich,S1A_IW_GRDH_1SDV_20250820T052632_20250820T052657_060615_078A5B_1162_COG,2025-08-20T05:26:32.416823Z,2025-08-20,168,60615,0.5954018393544804,59.54018393544804,38.9699875340262,S1A_IW_GRDH_1SDV_20250820T052632_20250820T052657_060615_078A5B_1162_COG.SAFE.zip,https://download.dataspace.copernicus.eu/odata/v1/Products(00d19b38-49fd-4330-b9db-1bc2789847a3)/$value
DE05,Munich,S1A_IW_GRDH_1SDV_20251007T052633_20251007T052658_061315_07A653_AA20_COG,2025-10-07T05:26:33.706645Z,2025-10-07,168,61315,0.5953824796925982,59.53824796925981,38.96847445497387,S1A_IW_GRDH_1SDV_20251007T052633_20251007T052658_061315_07A653_AA20_COG.SAFE.zip,https://download.dataspace.copernicus.eu/odata/v1/Products(d5f03d7a-bbef-4eca-b5dd-452caa60e3e7)/$value
DE05,Munich,S1A_IW_GRDH_1SDV_20250913T052633_20250913T052658_060965_07983E_F13A_COG,2025-09-13T05:26:33.153126Z,2025-09-13,168,60965,0.5952788580246271,59.52788580246271,38.96959282019752,S1A_IW_GRDH_1SDV_20250913T052633_20250913T052658_060965_07983E_F13A_COG.SAFE.zip,https://download.dataspace.copernicus.eu/odata/v1/Products(8c22aaac-4a7d-4f3d-84fa-2d6d7388ee16)/$value
DE05,Munich,S1A_IW_GRDH_1SDV_20250410T052636_20250410T052701_058690_074497_DE7E_COG,2025-04-10T05:26:36.005896Z,2025-04-10,168,58690,0.5951294586457075,59.51294586457075,38.97327316110456,S1A_IW_GRDH_1SDV_20250410T052636_20250410T052701_058690_074497_DE7E_COG.SAFE.zip,https://zipper.dataspace.copernicus.eu/odata/v1/Products(ef61fd44-a692-403c-8b09-a3e6be27efcb)/$value
DE05,Munich,S1A_IW_GRDH_1SDV_20250422T052636_20250422T052701_058865_074BC1_785F_COG,2025-04-22T05:26:36.226471Z,2025-04-22,168,58865,0.5949340691116074,59.49340691116074,38.97051636092939,S1A_IW_GRDH_1SDV_20250422T052636_20250422T052701_058865_074BC1_785F_COG.SAFE.zip,https://download.dataspace.copernicus.eu/odata/v1/Products(c4c049be-71d4-4938-a6c5-fcf6090b3f9d)/$value
DE05,Munich,S1A_IW_GRDH_1SDV_20250925T052633_20250925T052658_061140_079F46_A78B_COG,2025-09-25T05:26:33.173242Z,2025-09-25,168,61140,0.594831541148117,59.4831541148117,38.96947900710568,S1A_IW_GRDH_1SDV_20250925T052633_20250925T052658_061140_079F46_A78B_COG.SAFE.zip,https://download.dataspace.copernicus.eu/odata/v1/Products(6742ebdb-f104-4738-b853-f3c15f088c40)/$value
DE05,Munich,S1A_IW_GRDH_1SDV_20251019T052633_20251019T052658_061490_07AD58_343C_COG,2025-10-19T05:26:33.581390Z,2025-10-19,168,61490,0.5947947243260931,59.47947243260931,38.96738696546909,S1A_IW_GRDH_1SDV_20251019T052633_20251019T052658_061490_07AD58_343C_COG.SAFE.zip,https://download.dataspace.copernicus.eu/odata/v1/Products(60f0993d-adde-4c26-a7d1-a618a7170b75)/$value
DE05,Munich,S1A_IW_GRDH_1SDV_20251031T052633_20251031T052658_061665_07B466_F9B2_COG,2025-10-31T05:26:33.226656Z,2025-10-31,168,61665,0.5939623725857167,59.39623725857168,38.96592018861195,S1A_IW_GRDH_1SDV_20251031T052633_20251031T052658_061665_07B466_F9B2_COG.SAFE.zip,https://download.dataspace.copernicus.eu/odata/v1/Products(a451fa19-3044-4703-9c3d-ff3650834746)/$value
DE05,Munich,S1A_IW_GRDH_1SDV_20251031T052658_20251031T052723_061665_07B466_7CCF_COG,2025-10-31T05:26:58.226695Z,2025-10-31,168,61665,0.4057371379657671,40.57371379657671,39.15403639912548,S1A_IW_GRDH_1SDV_20251031T052658_20251031T052723_061665_07B466_7CCF_COG.SAFE.zip,https://download.dataspace.copernicus.eu/odata/v1/Products(f0c2c9a6-05c4-4faf-8d0f-ab7505f4e961)/$value
DE05,Munich,S1A_IW_GRDH_1SDV_20251019T052658_20251019T052723_061490_07AD58_57F6_COG,2025-10-19T05:26:58.581098Z,2025-10-19,168,61490,0.4048999001636882,40.48999001636882,39.1574636543165,S1A_IW_GRDH_1SDV_20251019T052658_20251019T052723_061490_07AD58_57F6_COG.SAFE.zip,https://download.dataspace.copernicus.eu/odata/v1/Products(5fdae709-8ba4-4b9e-863f-d9af1521f8fc)/$value
DE05,Munich,S1A_IW_GRDH_1SDV_20250925T052658_20250925T052723_061140_079F46_809C_COG,2025-09-25T05:26:58.172786Z,2025-09-25,168,61140,0.4048623696598168,40.48623696598168,39.1579527693699,S1A_IW_GRDH_1SDV_20250925T052658_20250925T052723_061140_079F46_809C_COG.SAFE.zip,https://download.dataspace.copernicus.eu/odata/v1/Products(b23115e3-7a8c-4ef0-84ee-c19ddbc3f685)/$value
DE05,Munich,S1A_IW_GRDH_1SDV_20250422T052701_20250422T052726_058865_074BC1_918B_COG,2025-04-22T05:27:01.225977Z,2025-04-22,168,58865,0.4047571186342285,40.475711863422845,39.16241656593345,S1A_IW_GRDH_1SDV_20250422T052701_20250422T052726_058865_074BC1_918B_COG.SAFE.zip,https://download.dataspace.copernicus.eu/odata/v1/Products(74b9ddc0-8cbd-412a-a23a-8f35f708b882)/$value
DE05,Munich,S1A_IW_GRDH_1SDV_20250410T052701_20250410T052726_058690_074497_F143_COG,2025-04-10T05:27:01.005318Z,2025-04-10,168,58690,0.4045476062554026,40.45476062554027,39.16664813444752,S1A_IW_GRDH_1SDV_20250410T052701_20250410T052726_058690_074497_F143_COG.SAFE.zip,https://download.dataspace.copernicus.eu/odata/v1/Products(5da329a2-05eb-4723-ad92-42c919007576)/$value
DE05,Munich,S1A_IW_GRDH_1SDV_20250913T052658_20250913T052723_060965_07983E_29A6_COG,2025-09-13T05:26:58.152664Z,2025-09-13,168,60965,0.4044184547098348,40.44184547098348,39.15901340094739,S1A_IW_GRDH_1SDV_20250913T052658_20250913T052723_060965_07983E_29A6_COG.SAFE.zip,https://download.dataspace.copernicus.eu/odata/v1/Products(21ae14a3-8721-4040-a7a9-e96df5f46194)/$value
DE05,Munich,S1A_IW_GRDH_1SDV_20251007T052658_20251007T052723_061315_07A653_D367_COG,2025-10-07T05:26:58.706282Z,2025-10-07,168,61315,0.4043029997553196,40.430299975531966,39.16055933623205,S1A_IW_GRDH_1SDV_20251007T052658_20251007T052723_061315_07A653_D367_COG.SAFE.zip,https://download.dataspace.copernicus.eu/odata/v1/Products(a84d5fbd-10d2-40f2-9109-af9e9b4d4280)/$value
DE05,Munich,S1A_IW_GRDH_1SDV_20250820T052657_20250820T052722_060615_078A5B_2BA2_COG,2025-08-20T05:26:57.416324Z,2025-08-20,168,60615,0.4042805004759031,40.42805004759031,39.16223603086615,S1A_IW_GRDH_1SDV_20250820T052657_20250820T052722_060615_078A5B_2BA2_COG.SAFE.zip,https://download.dataspace.copernicus.eu/odata/v1/Products(2dcab9ff-be04-4617-aee2-9389de27da8e)/$value
DE05,Munich,S1A_IW_GRDH_1SDV_20250901T052657_20250901T052722_060790_07913E_1D55_COG,2025-09-01T05:26:57.689817Z,2025-09-01,168,60790,0.4041630489336945,40.41630489336945,39.16032166302325,S1A_IW_GRDH_1SDV_20250901T052657_20250901T052722_060790_07913E_1D55_COG.SAFE.zip,https://download.dataspace.copernicus.eu/odata/v1/Products(6c2f701d-f880-4c87-af1a-0089389013d2)/$value
DE05,Munich,S1A_IW_GRDH_1SDV_20250504T052701_20250504T052726_059040_0752C4_CC9D_COG,2025-05-04T05:27:01.293802Z,2025-05-04,168,59040,0.4040773393245985,40.407733932459855,39.16532461450205,S1A_IW_GRDH_1SDV_20250504T052701_20250504T052726_059040_0752C4_CC9D_COG.SAFE.zip,https://download.dataspace.copernicus.eu/odata/v1/Products(4c9e8854-bf94-4eb0-9746-b7df530f36bf)/$value
DE05,Munich,S1A_IW_GRDH_1SDV_20250516T052700_20250516T052725_059215_075912_CF5F_COG,2025-05-16T05:27:00.976883Z,2025-05-16,168,59215,0.403887392985517,40.3887392985517,39.16451301063509,S1A_IW_GRDH_1SDV_20250516T052700_20250516T052725_059215_075912_CF5F_COG.SAFE.zip,https://download.dataspace.copernicus.eu/odata/v1/Products(833904aa-ee16-4d94-b95d-43da79e56387)/$value
DE05,Munich,S1A_IW_GRDH_1SDV_20250528T052700_20250528T052725_059390_075F2B_202C_COG,2025-05-28T05:27:00.540178Z,2025-05-28,168,59390,0.4037223872297181,40.37223872297181,39.16464559499116,S1A_IW_GRDH_1SDV_20250528T052700_20250528T052725_059390_075F2B_202C_COG.SAFE.zip,https://download.dataspace.copernicus.eu/odata/v1/Products(f004c837-a90b-4583-b512-bb163fdbbf23)/$value
DE05,Munich,S1A_IW_GRDH_1SDV_20250621T052659_20250621T052724_059740_076B2D_BF2C_COG,2025-06-21T05:26:59.191465Z,2025-06-21,168,59740,0.4036212037926917,40.36212037926917,39.16497250588392,S1A_IW_GRDH_1SDV_20250621T052659_20250621T052724_059740_076B2D_BF2C_COG.SAFE.zip,https://download.dataspace.copernicus.eu/odata/v1/Products(df506ea0-d542-46b7-a793-f99fa3b270bd)/$value
DE05,Munich,S1A_IW_GRDH_1SDV_20250715T052658_20250715T052723_060090_077749_1371_COG,2025-07-15T05:26:58.008138Z,2025-07-15,168,60090,0.4035363232115339,40.35363232115338,39.16427557997461,S1A_IW_GRDH_1SDV_20250715T052658_20250715T052723_060090_077749_1371_COG.SAFE.zip,https://download.dataspace.copernicus.eu/odata/v1/Products(ac154b08-7a14-4f52-add6-79fe1da121cc)/$value
DE05,Munich,S1A_IW_GRDH_1SDV_20250727T052657_20250727T052722_060265_077D4D_22CA_COG,2025-07-27T05:26:57.655294Z,2025-07-27,168,60265,0.403522160531367,40.3522160531367,39.16417587316725,S1A_IW_GRDH_1SDV_20250727T052657_20250727T052722_060265_077D4D_22CA_COG.SAFE.zip,https://download.dataspace.copernicus.eu/odata/v1/Products(ff410c42-6184-4a5b-bf78-44c218ecbfeb)/$value
DE05,Munich,S1A_IW_GRDH_1SDV_20250808T052657_20250808T052722_060440_078378_5D78_COG,2025-08-08T05:26:57.524877Z,2025-08-08,168,60440,0.4034636345507583,40.34636345507583,39.16429250952775,S1A_IW_GRDH_1SDV_20250808T052657_20250808T052722_060440_078378_5D78_COG.SAFE.zip,https://download.dataspace.copernicus.eu/odata/v1/Products(a57002a8-e5e9-4df1-91b3-800f5bb1f6f8)/$value
DE05,Munich,S1A_IW_GRDH_1SDV_20250609T052659_20250609T052724_059565_076523_5D4D_COG,2025-06-09T05:26:59.930271Z,2025-06-09,168,59565,0.4031400342707117,40.31400342707117,39.16552672017404,S1A_IW_GRDH_1SDV_20250609T052659_20250609T052724_059565_076523_5D4D_COG.SAFE.zip,https://download.dataspace.copernicus.eu/odata/v1/Products(c7914edd-8dd0-44bc-9e0b-474c36f51604)/$value
DE05,Munich,S1A_IW_GRDH_1SDV_20250703T052658_20250703T052723_059915_077146_5E68_COG,2025-07-03T05:26:58.619409Z,2025-07-03,168,59915,0.4029927649691208,40.299276496912086,39.16760210445346,S1A_IW_GRDH_1SDV_20250703T052658_20250703T052723_059915_077146_5E68_COG.SAFE.zip,https://download.dataspace.copernicus.eu/odata/v1/Products(eca39730-042e-4e3c-a140-aa2eda30b145)/$value
DE05,Munich,S1A_IW_GRDH_1SDV_20251026T051849_20251026T051914_061592_07B177_916B_COG,2025-10-26T05:18:49.341459Z,2025-10-26,95,61592,0.2017291546509323,20.17291546509324,39.07273806540307,S1A_IW_GRDH_1SDV_20251026T051849_20251026T051914_061592_07B177_916B_COG.SAFE.zip,https://download.dataspace.copernicus.eu/odata/v1/Products(5ce959df-460e-42dd-a843-8ed9be9a1ba5)/$value
DE05,Munich,S1A_IW_GRDH_1SDV_20251002T051849_20251002T051914_061242_07A368_FE75_COG,2025-10-02T05:18:49.251790Z,2025-10-02,95,61242,0.2017159798676475,20.17159798676476,39.07727922713178,S1A_IW_GRDH_1SDV_20251002T051849_20251002T051914_061242_07A368_FE75_COG.SAFE.zip,https://download.dataspace.copernicus.eu/odata/v1/Products(5e187012-ee21-454e-adca-771c20920977)/$value
DE05,Munich,S1A_IW_GRDH_1SDV_20250405T051852_20250405T051917_058617_074196_286E_COG,2025-04-05T05:18:52.308208Z,2025-04-05,95,58617,0.2016010916036666,20.160109160366662,39.07797874623579,S1A_IW_GRDH_1SDV_20250405T051852_20250405T051917_058617_074196_286E_COG.SAFE.zip,https://zipper.dataspace.copernicus.eu/odata/v1/Products(7073d80d-c901-4ae0-9c59-42f8be06700f)/$value
DE05,Munich,S1A_IW_GRDH_1SDV_20251014T051849_20251014T051914_061417_07AA71_9E17_COG,2025-10-14T05:18:49.653451Z,2025-10-14,95,61417,0.2011055211096998,20.110552110969987,39.07580051853679,S1A_IW_GRDH_1SDV_20251014T051849_20251014T051914_061417_07AA71_9E17_COG.SAFE.zip,https://download.dataspace.copernicus.eu/odata/v1/Products(99d23d7f-1fa5-46b5-87f4-2b47263c4d67)/$value
DE05,Munich,S1A_IW_GRDH_1SDV_20250920T051849_20250920T051914_061067_079C54_99BC_COG,2025-09-20T05:18:49.334100Z,2025-09-20,95,61067,0.2010654261759094,20.106542617590943,39.07556207235672,S1A_IW_GRDH_1SDV_20250920T051849_20250920T051914_061067_079C54_99BC_COG.SAFE.zip,https://download.dataspace.copernicus.eu/odata/v1/Products(a7f40cfe-83ee-49da-a3bd-8d50ee49d783)/$value
DE05,Munich,S1A_IW_GRDH_1SDV_20250417T051852_20250417T051917_058792_0748BC_2CAC_COG,2025-04-17T05:18:52.142818Z,2025-04-17,95,58792,0.2007677904588331,20.07677904588331,39.07907372010006,S1A_IW_GRDH_1SDV_20250417T051852_20250417T051917_058792_0748BC_2CAC_COG.SAFE.zip,https://download.dataspace.copernicus.eu/odata/v1/Products(d6fff4ff-a961-4d0a-a00e-55ac552fc294)/$value
DE05,Munich,S1A_IW_GRDH_1SDV_20250908T051849_20250908T051914_060892_079552_8AD3_COG,2025-09-08T05:18:49.039747Z,2025-09-08,95,60892,0.2006348805616778,20.063488056167785,39.07532854162842,S1A_IW_GRDH_1SDV_20250908T051849_20250908T051914_060892_079552_8AD3_COG.SAFE.zip,https://download.dataspace.copernicus.eu/odata/v1/Products(a8f2a3e3-5569-412b-9ff7-c4566318805d)/$value
DE05,Munich,S1A_IW_GRDH_1SDV_20250815T051848_20250815T051913_060542_078778_0735_COG,2025-08-15T05:18:48.530932Z,2025-08-15,95,60542,0.2002853024479864,20.028530244798645,39.07754722327483,S1A_IW_GRDH_1SDV_20250815T051848_20250815T051913_060542_078778_0735_COG.SAFE.zip,https://download.dataspace.copernicus.eu/odata/v1/Products(1252afe3-55d5-422c-b268-e30ed2b6b450)/$value
DE05,Munich,S1A_IW_GRDH_1SDV_20250827T051848_20250827T051913_060717_078E5D_8602_COG,2025-08-27T05:18:48.706833Z,2025-08-27,95,60717,0.2000242974465863,20.002429744658635,39.07764979073158,S1A_IW_GRDH_1SDV_20250827T051848_20250827T051913_060717_078E5D_8602_COG.SAFE.zip,https://download.dataspace.copernicus.eu/odata/v1/Products(68148446-e981-4665-948b-044498eab9b1)/$value
DE05,Munich,S1A_IW_GRDH_1SDV_20250803T051848_20250803T051913_060367_0780CB_6153_COG,2025-08-03T05:18:48.590187Z,2025-08-03,95,60367,0.1996666462674564,19.966664626745647,39.07732126415946,S1A_IW_GRDH_1SDV_20250803T051848_20250803T051913_060367_0780CB_6153_COG.SAFE.zip,https://download.dataspace.copernicus.eu/odata/v1/Products(68347ef5-06a8-4117-b121-5068457189a3)/$value
DE05,Munich,S1A_IW_GRDH_1SDV_20250523T051851_20250523T051916_059317_075C9A_C810_COG,2025-05-23T05:18:51.754921Z,2025-05-23,95,59317,0.1996424580375131,19.96424580375131,39.07744559570567,S1A_IW_GRDH_1SDV_20250523T051851_20250523T051916_059317_075C9A_C810_COG.SAFE.zip,https://download.dataspace.copernicus.eu/odata/v1/Products(2a5af6dc-2c41-4e7f-8608-fde819f80cd9)/$value
DE05,Munich,S1A_IW_GRDH_1SDV_20250604T051851_20250604T051916_059492_0762AA_C0DE_COG,2025-06-04T05:18:51.186003Z,2025-06-04,95,59492,0.199615701729417,19.961570172941705,39.07787580842445,S1A_IW_GRDH_1SDV_20250604T051851_20250604T051916_059492_0762AA_C0DE_COG.SAFE.zip,https://download.dataspace.copernicus.eu/odata/v1/Products(339a76f7-5d22-4bfd-8fc3-1fa3df71435e)/$value
DE05,Munich,S1A_IW_GRDH_1SDV_20250616T051850_20250616T051915_059667_0768A2_330F_COG,2025-06-16T05:18:50.536803Z,2025-06-16,95,59667,0.199607652797549,19.960765279754902,39.0787400879253,S1A_IW_GRDH_1SDV_20250616T051850_20250616T051915_059667_0768A2_330F_COG.SAFE.zip,https://download.dataspace.copernicus.eu/odata/v1/Products(663d7b32-94b4-4d44-abd7-38811497cf25)/$value
DE05,Munich,S1A_IW_GRDH_1SDV_20250722T051848_20250722T051913_060192_077AC7_96ED_COG,2025-07-22T05:18:48.752866Z,2025-07-22,95,60192,0.1993251692018914,19.932516920189144,39.0779520470955,S1A_IW_GRDH_1SDV_20250722T051848_20250722T051913_060192_077AC7_96ED_COG.SAFE.zip,https://download.dataspace.copernicus.eu/odata/v1/Products(ff36ca94-4b87-4eaa-9277-f5d603cc2941)/$value
DE05,Munich,S1A_IW_GRDH_1SDV_20250429T051852_20250429T051917_058967_074FEA_E9A5_COG,2025-04-29T05:18:52.636826Z,2025-04-29,95,58967,0.199317842126847,19.931784212684704,39.07995694181177,S1A_IW_GRDH_1SDV_20250429T051852_20250429T051917_058967_074FEA_E9A5_COG.SAFE.zip,https://download.dataspace.copernicus.eu/odata/v1/Products(8955327c-d120-46b5-b896-b2ed816b7953)/$value
DE05,Munich,S1A_IW_GRDH_1SDV_20250429T051852_20250429T051917_058967_074FEA_8F77_COG,2025-04-29T05:18:52.636826Z,2025-04-29,95,58967,0.199317842126847,19.931784212684704,39.07995694181177,S1A_IW_GRDH_1SDV_20250429T051852_20250429T051917_058967_074FEA_8F77_COG.SAFE.zip,https://download.dataspace.copernicus.eu/odata/v1/Products(4bb3339a-0524-4a92-a5ef-5930c3e8cc59)/$value
DE05,Munich,S1A_IW_GRDH_1SDV_20250710T051849_20250710T051914_060017_0774C4_52A3_COG,2025-07-10T05:18:49.349573Z,2025-07-10,95,60017,0.1990545003130294,19.905450031302944,39.07676469848989,S1A_IW_GRDH_1SDV_20250710T051849_20250710T051914_060017_0774C4_52A3_COG.SAFE.zip,https://download.dataspace.copernicus.eu/odata/v1/Products(6cec1c5e-1d3e-452f-99df-adbc123493ba)/$value
DE05,Munich,S1A_IW_GRDH_1SDV_20250511T051852_20250511T051917_059142_075689_6A97_COG,2025-05-11T05:18:52.355987Z,2025-05-11,95,59142,0.1990424455464146,19.90424455464146,39.07789337959869,S1A_IW_GRDH_1SDV_20250511T051852_20250511T051917_059142_075689_6A97_COG.SAFE.zip,https://download.dataspace.copernicus.eu/odata/v1/Products(10eac28f-6652-4392-b62d-1d09645bf9f9)/$value
DE05,Munich,S1A_IW_GRDH_1SDV_20250628T051850_20250628T051915_059842_076EB4_B81E_COG,2025-06-28T05:18:50.039963Z,2025-06-28,95,59842,0.1987907962652813,19.87907962652813,39.07964438521508,S1A_IW_GRDH_1SDV_20250628T051850_20250628T051915_059842_076EB4_B81E_COG.SAFE.zip,https://download.dataspace.copernicus.eu/odata/v1/Products(45307702-efae-4879-a96c-c6f77bdd310d)/$value
DE14,Berlin,S1A_IW_GRDH_1SDV_20250710T051709_20250710T051734_060017_0774C4_D963_COG,2025-07-10T05:17:09.350386Z,2025-07-10,95,60017,0.7072858996363168,70.72858996363168,38.7819943442227,S1A_IW_GRDH_1SDV_20250710T051709_20250710T051734_060017_0774C4_D963_COG.SAFE.zip,https://download.dataspace.copernicus.eu/odata/v1/Products(17c3f474-a4fc-4b69-bd38-bdfeef844ce7)/$value
DE14,Berlin,S1A_IW_GRDH_1SDV_20250628T051710_20250628T051735_059842_076EB4_22B8_COG,2025-06-28T05:17:10.039795Z,2025-06-28,95,59842,0.7072011889307135,70.72011889307134,38.78473383575594,S1A_IW_GRDH_1SDV_20250628T051710_20250628T051735_059842_076EB4_22B8_COG.SAFE.zip,https://download.dataspace.copernicus.eu/odata/v1/Products(05d1a2fd-3546-41b0-8bd0-2cb8d6c77cd3)/$value
DE14,Berlin,S1A_IW_GRDH_1SDV_20250511T051712_20250511T051737_059142_075689_7B26_COG,2025-05-11T05:17:12.355537Z,2025-05-11,95,59142,0.7069718375610575,70.69718375610576,38.78316917515091,S1A_IW_GRDH_1SDV_20250511T051712_20250511T051737_059142_075689_7B26_COG.SAFE.zip,https://download.dataspace.copernicus.eu/odata/v1/Products(d59383fd-0761-49a3-8bc2-50adbe1c4a69)/$value
DE14,Berlin,S1A_IW_GRDH_1SDV_20250722T051708_20250722T051733_060192_077AC7_03E2_COG,2025-07-22T05:17:08.752335Z,2025-07-22,95,60192,0.7067388114687871,70.67388114687871,38.78275393594804,S1A_IW_GRDH_1SDV_20250722T051708_20250722T051733_060192_077AC7_03E2_COG.SAFE.zip,https://download.dataspace.copernicus.eu/odata/v1/Products(3a740ab9-4bcf-4c96-84be-937373a3280e)/$value
DE14,Berlin,S1A_IW_GRDH_1SDV_20250429T051712_20250429T051737_058967_074FEA_BAA9_COG,2025-04-29T05:17:12.636631Z,2025-04-29,95,58967,0.7067110469386009,70.67110469386009,38.78483199753543,S1A_IW_GRDH_1SDV_20250429T051712_20250429T051737_058967_074FEA_BAA9_COG.SAFE.zip,https://download.dataspace.copernicus.eu/odata/v1/Products(367e1f0b-c1f4-4204-9caa-e8a3555dea27)/$value
DE14,Berlin,S1A_IW_GRDH_1SDV_20250429T051712_20250429T051737_058967_074FEA_0797_COG,2025-04-29T05:17:12.636631Z,2025-04-29,95,58967,0.7067110469386009,70.67110469386009,38.78483199753543,S1A_IW_GRDH_1SDV_20250429T051712_20250429T051737_058967_074FEA_0797_COG.SAFE.zip,https://download.dataspace.copernicus.eu/odata/v1/Products(e1af6b55-398e-4921-bee4-e082282167d9)/$value
DE14,Berlin,S1A_IW_GRDH_1SDV_20250803T051708_20250803T051733_060367_0780CB_D397_COG,2025-08-03T05:17:08.589543Z,2025-08-03,95,60367,0.7064724064982767,70.64724064982767,38.78234754193454,S1A_IW_GRDH_1SDV_20250803T051708_20250803T051733_060367_0780CB_D397_COG.SAFE.zip,https://download.dataspace.copernicus.eu/odata/v1/Products(634b4618-fcea-4ecf-8018-0e441d903db3)/$value
DE14,Berlin,S1A_IW_GRDH_1SDV_20250604T051711_20250604T051736_059492_0762AA_2DBF_COG,2025-06-04T05:17:11.185472Z,2025-06-04,95,59492,0.7064434352622936,70.64434352622936,38.78284189180946,S1A_IW_GRDH_1SDV_20250604T051711_20250604T051736_059492_0762AA_2DBF_COG.SAFE.zip,https://download.dataspace.copernicus.eu/odata/v1/Products(86d364d8-a056-45ae-8d36-8c8106ed9173)/$value
DE14,Berlin,S1A_IW_GRDH_1SDV_20250616T051710_20250616T051735_059667_0768A2_D6EE_COG,2025-06-16T05:17:10.536392Z,2025-06-16,95,59667,0.7064260733120556,70.64260733120557,38.78364513946599,S1A_IW_GRDH_1SDV_20250616T051710_20250616T051735_059667_0768A2_D6EE_COG.SAFE.zip,https://download.dataspace.copernicus.eu/odata/v1/Products(71433632-ae1d-4f64-b455-831a63affc11)/$value
DE14,Berlin,S1A_IW_GRDH_1SDV_20250523T051711_20250523T051736_059317_075C9A_FD8D_COG,2025-05-23T05:17:11.754344Z,2025-05-23,95,59317,0.7063867733650552,70.63867733650552,38.7824759037637,S1A_IW_GRDH_1SDV_20250523T051711_20250523T051736_059317_075C9A_FD8D_COG.SAFE.zip,https://download.dataspace.copernicus.eu/odata/v1/Products(3f1c4e1f-cd8e-40b9-a517-a7e4c4bdd50d)/$value
DE14,Berlin,S1A_IW_GRDH_1SDV_20250815T051708_20250815T051733_060542_078778_9B41_COG,2025-08-15T05:17:08.531751Z,2025-08-15,95,60542,0.7062375400850255,70.62375400850254,38.78265518136259,S1A_IW_GRDH_1SDV_20250815T051708_20250815T051733_060542_078778_9B41_COG.SAFE.zip,https://download.dataspace.copernicus.eu/odata/v1/Products(1f632ae3-a724-4498-9e66-4f904eec1c57)/$value
DE14,Berlin,S1A_IW_GRDH_1SDV_20250827T051708_20250827T051733_060717_078E5D_17C1_COG,2025-08-27T05:17:08.706175Z,2025-08-27,95,60717,0.7061567332741652,70.61567332741652,38.78248418618803,S1A_IW_GRDH_1SDV_20250827T051708_20250827T051733_060717_078E5D_17C1_COG.SAFE.zip,https://download.dataspace.copernicus.eu/odata/v1/Products(2ae0dc82-5ef6-4a10-9457-ba469d7e772a)/$value
DE14,Berlin,S1A_IW_GRDH_1SDV_20250908T051709_20250908T051734_060892_079552_76B9_COG,2025-09-08T05:17:09.040134Z,2025-09-08,95,60892,0.7058983632506546,70.58983632506546,38.78027220086698,S1A_IW_GRDH_1SDV_20250908T051709_20250908T051734_060892_079552_76B9_COG.SAFE.zip,https://download.dataspace.copernicus.eu/odata/v1/Products(b1a64507-7948-4b04-9d83-b559ddb454a8)/$value
DE14,Berlin,S1A_IW_GRDH_1SDV_20250920T051709_20250920T051734_061067_079C54_15DA_COG,2025-09-20T05:17:09.334447Z,2025-09-20,95,61067,0.7055002499684448,70.55002499684448,38.78022353148685,S1A_IW_GRDH_1SDV_20250920T051709_20250920T051734_061067_079C54_15DA_COG.SAFE.zip,https://download.dataspace.copernicus.eu/odata/v1/Products(dce33bb4-f22f-4624-8313-bf8e1ace23ec)/$value
DE14,Berlin,S1A_IW_GRDH_1SDV_20250417T051712_20250417T051737_058792_0748BC_723D_COG,2025-04-17T05:17:12.142507Z,2025-04-17,95,58792,0.7053992076353656,70.53992076353656,38.78377722888294,S1A_IW_GRDH_1SDV_20250417T051712_20250417T051737_058792_0748BC_723D_COG.SAFE.zip,https://download.dataspace.copernicus.eu/odata/v1/Products(71c610de-59bc-44b0-a939-235df5e94513)/$value
DE14,Berlin,S1A_IW_GRDH_1SDV_20251014T051709_20251014T051734_061417_07AA71_6B1A_COG,2025-10-14T05:17:09.653688Z,2025-10-14,95,61417,0.7051530637750963,70.51530637750963,38.78052369587023,S1A_IW_GRDH_1SDV_20251014T051709_20251014T051734_061417_07AA71_6B1A_COG.SAFE.zip,https://download.dataspace.copernicus.eu/odata/v1/Products(46616241-4c2c-4a19-98f0-48f26a78e79c)/$value
DE14,Berlin,S1A_IW_GRDH_1SDV_20250405T051712_20250405T051737_058617_074196_19EA_COG,2025-04-05T05:17:12.309032Z,2025-04-05,95,58617,0.7049328307964631,70.4932830796463,38.78261820157113,S1A_IW_GRDH_1SDV_20250405T051712_20250405T051737_058617_074196_19EA_COG.SAFE.zip,https://zipper.dataspace.copernicus.eu/odata/v1/Products(d7a06647-1383-41d7-b9c4-d3df5b93c20c)/$value
DE14,Berlin,S1A_IW_GRDH_1SDV_20251026T051709_20251026T051734_061592_07B177_520B_COG,2025-10-26T05:17:09.341125Z,2025-10-26,95,61592,0.7048463479941621,70.48463479941621,38.77712449203952,S1A_IW_GRDH_1SDV_20251026T051709_20251026T051734_061592_07B177_520B_COG.SAFE.zip,https://download.dataspace.copernicus.eu/odata/v1/Products(19d84672-2ba3-4c55-bdd1-4edf60e9f66e)/$value
DE14,Berlin,S1A_IW_GRDH_1SDV_20251002T051709_20251002T051734_061242_07A368_5A4F_COG,2025-10-02T05:17:09.252026Z,2025-10-02,95,61242,0.7045892632392158,70.45892632392157,38.78007748440245,S1A_IW_GRDH_1SDV_20251002T051709_20251002T051734_061242_07A368_5A4F_COG.SAFE.zip,https://download.dataspace.copernicus.eu/odata/v1/Products(4940837e-73b0-4aef-9d30-92c318fb2b72)/$value
DE14,Berlin,S1A_IW_GRDH_1SDV_20251031T052543_20251031T052608_061665_07B466_1BC6_COG,2025-10-31T05:25:43.227977Z,2025-10-31,168,61665,0.5693548240257655,56.93548240257656,38.83875075117689,S1A_IW_GRDH_1SDV_20251031T052543_20251031T052608_061665_07B466_1BC6_COG.SAFE.zip,https://download.dataspace.copernicus.eu/odata/v1/Products(ce959275-1d98-4f0f-8642-a9fcfdde30ea)/$value
DE14,Berlin,S1A_IW_GRDH_1SDV_20251019T052543_20251019T052608_061490_07AD58_1C17_COG,2025-10-19T05:25:43.580473Z,2025-10-19,168,61490,0.5690522936432933,56.90522936432934,38.8402700214305,S1A_IW_GRDH_1SDV_20251019T052543_20251019T052608_061490_07AD58_1C17_COG.SAFE.zip,https://download.dataspace.copernicus.eu/odata/v1/Products(1d141664-7c80-43b4-b494-8d63627e300e)/$value
DE14,Berlin,S1A_IW_GRDH_1SDV_20250422T052546_20250422T052611_058865_074BC1_F793_COG,2025-04-22T05:25:46.225959Z,2025-04-22,168,58865,0.5689596184884655,56.89596184884656,38.84341153120666,S1A_IW_GRDH_1SDV_20250422T052546_20250422T052611_058865_074BC1_F793_COG.SAFE.zip,https://download.dataspace.copernicus.eu/odata/v1/Products(ace1fe3f-4db1-47eb-960c-84549b2e311a)/$value
DE14,Berlin,S1A_IW_GRDH_1SDV_20250410T052546_20250410T052611_058690_074497_724E_COG,2025-04-10T05:25:46.005694Z,2025-04-10,168,58690,0.5687804015732403,56.87804015732403,38.84623598413427,S1A_IW_GRDH_1SDV_20250410T052546_20250410T052611_058690_074497_724E_COG.SAFE.zip,https://download.dataspace.copernicus.eu/odata/v1/Products(b7d6d894-6298-4bea-9610-cd03078f59a6)/$value
DE14,Berlin,S1A_IW_GRDH_1SDV_20250504T052546_20250504T052611_059040_0752C4_2F45_COG,2025-05-04T05:25:46.292581Z,2025-05-04,168,59040,0.5686756870800019,56.86756870800019,38.84492231836187,S1A_IW_GRDH_1SDV_20250504T052546_20250504T052611_059040_0752C4_2F45_COG.SAFE.zip,https://download.dataspace.copernicus.eu/odata/v1/Products(6287aad0-85c4-43c9-9ead-ff6b09dd4f66)/$value
DE14,Berlin,S1A_IW_GRDH_1SDV_20250925T052543_20250925T052608_061140_079F46_75DD_COG,2025-09-25T05:25:43.174014Z,2025-09-25,168,61140,0.5686509950605457,56.86509950605457,38.84245477616796,S1A_IW_GRDH_1SDV_20250925T052543_20250925T052608_061140_079F46_75DD_COG.SAFE.zip,https://download.dataspace.copernicus.eu/odata/v1/Products(926d16e7-3a27-4ac1-af0b-0fbb9b94b2c4)/$value
DE14,Berlin,S1A_IW_GRDH_1SDV_20251007T052543_20251007T052608_061315_07A653_77A3_COG,2025-10-07T05:25:43.705830Z,2025-10-07,168,61315,0.5684950369173576,56.84950369173576,38.84083181035028,S1A_IW_GRDH_1SDV_20251007T052543_20251007T052608_061315_07A653_77A3_COG.SAFE.zip,https://download.dataspace.copernicus.eu/odata/v1/Products(9c1110af-5def-4c05-abc2-e5392fc61604)/$value
DE14,Berlin,S1A_IW_GRDH_1SDV_20250820T052542_20250820T052607_060615_078A5B_7D22_COG,2025-08-20T05:25:42.416321Z,2025-08-20,168,60615,0.5684837974865454,56.848379748654544,38.84282407489188,S1A_IW_GRDH_1SDV_20250820T052542_20250820T052607_060615_078A5B_7D22_COG.SAFE.zip,https://download.dataspace.copernicus.eu/odata/v1/Products(60eb0346-5d1a-4a2f-9d4c-00ab8f5fed5c)/$value
DE14,Berlin,S1A_IW_GRDH_1SDV_20250913T052543_20250913T052608_060965_07983E_BAB1_COG,2025-09-13T05:25:43.153950Z,2025-09-13,168,60965,0.5682132017746268,56.821320177462674,38.84230557313714,S1A_IW_GRDH_1SDV_20250913T052543_20250913T052608_060965_07983E_BAB1_COG.SAFE.zip,https://download.dataspace.copernicus.eu/odata/v1/Products(26726600-30e0-413b-9537-375122ea41fe)/$value
DE14,Berlin,S1A_IW_GRDH_1SDV_20250516T052545_20250516T052610_059215_075912_1039_COG,2025-05-16T05:25:45.977150Z,2025-05-16,168,59215,0.5682099314735545,56.820993147355445,38.84483754343254,S1A_IW_GRDH_1SDV_20250516T052545_20250516T052610_059215_075912_1039_COG.SAFE.zip,https://download.dataspace.copernicus.eu/odata/v1/Products(b37ec915-c796-4352-9cf7-0d2b0dd0f72d)/$value
DE14,Berlin,S1A_IW_GRDH_1SDV_20250901T052542_20250901T052607_060790_07913E_C652_COG,2025-09-01T05:25:42.690400Z,2025-09-01,168,60790,0.5681696749258062,56.816967492580616,38.84306344835786,S1A_IW_GRDH_1SDV_20250901T052542_20250901T052607_060790_07913E_C652_COG.SAFE.zip,https://download.dataspace.copernicus.eu/odata/v1/Products(d82a7795-9652-431d-bd03-d3790e5b2381)/$value
DE14,Berlin,S1A_IW_GRDH_1SDV_20250528T052545_20250528T052610_059390_075F2B_468B_COG,2025-05-28T05:25:45.540374Z,2025-05-28,168,59390,0.5681144841797414,56.81144841797414,38.8441009437982,S1A_IW_GRDH_1SDV_20250528T052545_20250528T052610_059390_075F2B_468B_COG.SAFE.zip,https://download.dataspace.copernicus.eu/odata/v1/Products(db703cb2-98c6-41e3-bb1b-0a42c6c19692)/$value
DE14,Berlin,S1A_IW_GRDH_1SDV_20250621T052544_20250621T052609_059740_076B2D_8E94_COG,2025-06-21T05:25:44.191757Z,2025-06-21,168,59740,0.5679760785521827,56.79760785521827,38.8445578453813,S1A_IW_GRDH_1SDV_20250621T052544_20250621T052609_059740_076B2D_8E94_COG.SAFE.zip,https://download.dataspace.copernicus.eu/odata/v1/Products(5fc6debb-4e2d-47c7-b82f-90be8b5c3dec)/$value
DE14,Berlin,S1A_IW_GRDH_1SDV_20250609T052544_20250609T052609_059565_076523_36A1_COG,2025-06-09T05:25:44.929049Z,2025-06-09,168,59565,0.56789916831582,56.789916831582,38.84450975237581,S1A_IW_GRDH_1SDV_20250609T052544_20250609T052609_059565_076523_36A1_COG.SAFE.zip,https://download.dataspace.copernicus.eu/odata/v1/Products(afd18f6b-7f79-4830-8b0c-567dd4284a92)/$value
DE14,Berlin,S1A_IW_GRDH_1SDV_20250715T052543_20250715T052608_060090_077749_A720_COG,2025-07-15T05:25:43.008234Z,2025-07-15,168,60090,0.5678585611004637,56.785856110046375,38.84379687062867,S1A_IW_GRDH_1SDV_20250715T052543_20250715T052608_060090_077749_A720_COG.SAFE.zip,https://download.dataspace.copernicus.eu/odata/v1/Products(bf5847ec-3962-4449-902c-d1787ac23bf5)/$value
DE14,Berlin,S1A_IW_GRDH_1SDV_20250727T052542_20250727T052607_060265_077D4D_1EA9_COG,2025-07-27T05:25:42.655475Z,2025-07-27,168,60265,0.5678223156210627,56.78223156210627,38.84392299312768,S1A_IW_GRDH_1SDV_20250727T052542_20250727T052607_060265_077D4D_1EA9_COG.SAFE.zip,https://download.dataspace.copernicus.eu/odata/v1/Products(52acc0b5-c302-41f7-85ce-711fb1d47e3c)/$value
DE14,Berlin,S1A_IW_GRDH_1SDV_20250808T052542_20250808T052607_060440_078378_BC5E_COG,2025-08-08T05:25:42.525063Z,2025-08-08,168,60440,0.5677523415467511,56.77523415467511,38.8440546885673,S1A_IW_GRDH_1SDV_20250808T052542_20250808T052607_060440_078378_BC5E_COG.SAFE.zip,https://download.dataspace.copernicus.eu/odata/v1/Products(e328baa0-e564-4193-aa46-d65a6735fff2)/$value
DE14,Berlin,S1A_IW_GRDH_1SDV_20250703T052543_20250703T052608_059915_077146_853F_COG,2025-07-03T05:25:43.618536Z,2025-07-03,168,59915,0.5676980118924166,56.76980118924166,38.84703850336657,S1A_IW_GRDH_1SDV_20250703T052543_20250703T052608_059915_077146_853F_COG.SAFE.zip,https://download.dataspace.copernicus.eu/odata/v1/Products(e1df4547-5324-4b6d-94ed-d77be121ab02)/$value
DE14,Berlin,S1A_IW_GRDH_1SDV_20250703T052518_20250703T052543_059915_077146_A6FF_COG,2025-07-03T05:25:18.619189Z,2025-07-03,168,59915,0.4319689444093201,43.19689444093201,38.7761928953293,S1A_IW_GRDH_1SDV_20250703T052518_20250703T052543_059915_077146_A6FF_COG.SAFE.zip,https://download.dataspace.copernicus.eu/odata/v1/Products(79827cfe-a7ae-40cf-b52f-a72dcda771db)/$value
DE14,Berlin,S1A_IW_GRDH_1SDV_20250808T052517_20250808T052542_060440_078378_C1F9_COG,2025-08-08T05:25:17.525570Z,2025-08-08,168,60440,0.4319113523385395,43.19113523385395,38.77318654828494,S1A_IW_GRDH_1SDV_20250808T052517_20250808T052542_060440_078378_C1F9_COG.SAFE.zip,https://download.dataspace.copernicus.eu/odata/v1/Products(f8517955-1cde-473c-b8bf-e903cb216f64)/$value
DE14,Berlin,S1A_IW_GRDH_1SDV_20250727T052517_20250727T052542_060265_077D4D_730A_COG,2025-07-27T05:25:17.655980Z,2025-07-27,168,60265,0.4318445732905466,43.18445732905466,38.77308091731048,S1A_IW_GRDH_1SDV_20250727T052517_20250727T052542_060265_077D4D_730A_COG.SAFE.zip,https://download.dataspace.copernicus.eu/odata/v1/Products(5265c097-992c-4199-8c4b-5acd627e9c2a)/$value
DE14,Berlin,S1A_IW_GRDH_1SDV_20250715T052518_20250715T052543_060090_077749_0C31_COG,2025-07-15T05:25:18.007266Z,2025-07-15,168,60090,0.4318054226530688,43.18054226530688,38.77303973723612,S1A_IW_GRDH_1SDV_20250715T052518_20250715T052543_060090_077749_0C31_COG.SAFE.zip,https://download.dataspace.copernicus.eu/odata/v1/Products(88fc3739-e5ae-46ab-8c9a-8027209df43b)/$value
DE14,Berlin,S1A_IW_GRDH_1SDV_20250609T052519_20250609T052544_059565_076523_A7E3_COG,2025-06-09T05:25:19.929642Z,2025-06-09,168,59565,0.4317676418938633,43.17676418938633,38.77403708919265,S1A_IW_GRDH_1SDV_20250609T052519_20250609T052544_059565_076523_A7E3_COG.SAFE.zip,https://download.dataspace.copernicus.eu/odata/v1/Products(e48dbd4f-e454-4ed1-9ba8-52fb5463f91e)/$value
DE14,Berlin,S1A_IW_GRDH_1SDV_20250621T052519_20250621T052544_059740_076B2D_7978_COG,2025-06-21T05:25:19.192298Z,2025-06-21,168,59740,0.4316882691727345,43.16882691727345,38.77374720464395,S1A_IW_GRDH_1SDV_20250621T052519_20250621T052544_059740_076B2D_7978_COG.SAFE.zip,https://download.dataspace.copernicus.eu/odata/v1/Products(cd7bec13-fa9a-436a-a0db-b19053adde48)/$value
DE14,Berlin,S1A_IW_GRDH_1SDV_20250528T052520_20250528T052545_059390_075F2B_4953_COG,2025-05-28T05:25:20.540939Z,2025-05-28,168,59390,0.4315561399514975,43.15561399514976,38.77334612813719,S1A_IW_GRDH_1SDV_20250528T052520_20250528T052545_059390_075F2B_4953_COG.SAFE.zip,https://download.dataspace.copernicus.eu/odata/v1/Products(b8b2d40c-0191-42f5-bf6d-190848c301ba)/$value
DE14,Berlin,S1A_IW_GRDH_1SDV_20250901T052517_20250901T052542_060790_07913E_71A1_COG,2025-09-01T05:25:17.689112Z,2025-09-01,168,60790,0.4315130657644683,43.15130657644683,38.77253710642437,S1A_IW_GRDH_1SDV_20250901T052517_20250901T052542_060790_07913E_71A1_COG.SAFE.zip,https://download.dataspace.copernicus.eu/odata/v1/Products(55712434-3d63-424d-b101-0c8a4bb07bbe)/$value
DE14,Berlin,S1A_IW_GRDH_1SDV_20250516T052520_20250516T052545_059215_075912_B1D3_COG,2025-05-16T05:25:20.977684Z,2025-05-16,168,59215,0.4314535575177514,43.14535575177514,38.77369753057714,S1A_IW_GRDH_1SDV_20250516T052520_20250516T052545_059215_075912_B1D3_COG.SAFE.zip,https://download.dataspace.copernicus.eu/odata/v1/Products(24272f1f-59d8-4107-994e-8b3a945f6fcb)/$value
DE14,Berlin,S1A_IW_GRDH_1SDV_20250913T052518_20250913T052543_060965_07983E_E14D_COG,2025-09-13T05:25:18.152822Z,2025-09-13,168,60965,0.4314507733014485,43.14507733014485,38.7711299760983,S1A_IW_GRDH_1SDV_20250913T052518_20250913T052543_060965_07983E_E14D_COG.SAFE.zip,https://download.dataspace.copernicus.eu/odata/v1/Products(f049096e-1009-4844-8058-b78b4f96bcb7)/$value
DE14,Berlin,S1A_IW_GRDH_1SDV_20250820T052517_20250820T052542_060615_078A5B_D09C_COG,2025-08-20T05:25:17.416819Z,2025-08-20,168,60615,0.4311834002189377,43.11834002189377,38.77203207218815,S1A_IW_GRDH_1SDV_20250820T052517_20250820T052542_060615_078A5B_D09C_COG.SAFE.zip,https://download.dataspace.copernicus.eu/odata/v1/Products(ba304186-fce0-45bc-8c3e-b05be5f7c0bc)/$value
DE14,Berlin,S1A_IW_GRDH_1SDV_20251007T052518_20251007T052543_061315_07A653_FD8D_COG,2025-10-07T05:25:18.706196Z,2025-10-07,168,61315,0.4311722544091121,43.11722544091122,38.77017133771285,S1A_IW_GRDH_1SDV_20251007T052518_20251007T052543_061315_07A653_FD8D_COG.SAFE.zip,https://download.dataspace.copernicus.eu/odata/v1/Products(af5761d8-dc7a-40eb-95db-df8fd4c00107)/$value
DE14,Berlin,S1A_IW_GRDH_1SDV_20250925T052518_20250925T052543_061140_079F46_FF58_COG,2025-09-25T05:25:18.172923Z,2025-09-25,168,61140,0.4310191668815989,43.10191668815989,38.77120287242654,S1A_IW_GRDH_1SDV_20250925T052518_20250925T052543_061140_079F46_FF58_COG.SAFE.zip,https://download.dataspace.copernicus.eu/odata/v1/Products(cacd0286-a100-45b3-b3a6-30852015bfb1)/$value
DE14,Berlin,S1A_IW_GRDH_1SDV_20250504T052521_20250504T052546_059040_0752C4_AA24_COG,2025-05-04T05:25:21.293174Z,2025-05-04,168,59040,0.4309952482122565,43.09952482122565,38.77435746401727,S1A_IW_GRDH_1SDV_20250504T052521_20250504T052546_059040_0752C4_AA24_COG.SAFE.zip,https://download.dataspace.copernicus.eu/odata/v1/Products(d61c6918-dc4f-4112-bb00-8e53f2495574)/$value
DE14,Berlin,S1A_IW_GRDH_1SDV_20250410T052521_20250410T052546_058690_074497_8F18_COG,2025-04-10T05:25:21.004780Z,2025-04-10,168,58690,0.4308737298556935,43.08737298556935,38.7752857894254,S1A_IW_GRDH_1SDV_20250410T052521_20250410T052546_058690_074497_8F18_COG.SAFE.zip,https://download.dataspace.copernicus.eu/odata/v1/Products(77a718ba-cabf-4468-b1b4-3207d5a8f995)/$value
DE14,Berlin,S1A_IW_GRDH_1SDV_20250422T052521_20250422T052546_058865_074BC1_DF39_COG,2025-04-22T05:25:21.226414Z,2025-04-22,168,58865,0.4307075844027806,43.07075844027806,38.77260573018322,S1A_IW_GRDH_1SDV_20250422T052521_20250422T052546_058865_074BC1_DF39_COG.SAFE.zip,https://download.dataspace.copernicus.eu/odata/v1/Products(086340b2-f4b5-4ce2-a88f-7caa741f91a2)/$value
DE14,Berlin,S1A_IW_GRDH_1SDV_20251019T052518_20251019T052543_061490_07AD58_559D_COG,2025-10-19T05:25:18.580725Z,2025-10-19,168,61490,0.4306001737220594,43.06001737220594,38.76900982040458,S1A_IW_GRDH_1SDV_20251019T052518_20251019T052543_061490_07AD58_559D_COG.SAFE.zip,https://download.dataspace.copernicus.eu/odata/v1/Products(6f3d18c5-d11e-4b27-a543-186cac13a2f0)/$value
DE14,Berlin,S1A_IW_GRDH_1SDV_20251031T052518_20251031T052543_061665_07B466_42B8_COG,2025-10-31T05:25:18.227848Z,2025-10-31,168,61665,0.4303088562809355,43.03088562809355,38.76718481112664,S1A_IW_GRDH_1SDV_20251031T052518_20251031T052543_061665_07B466_42B8_COG.SAFE.zip,https://download.dataspace.copernicus.eu/odata/v1/Products(73067d5d-8316-4a38-9ba8-6a01ca521b23)/$value
DE14,Berlin,S1A_IW_GRDH_1SDV_20251002T051734_20251002T051759_061242_07A368_BE3A_COG,2025-10-02T05:17:34.250841Z,2025-10-02,95,61242,0.2951479605065492,29.514796050654923,38.8788464693768,S1A_IW_GRDH_1SDV_20251002T051734_20251002T051759_061242_07A368_BE3A_COG.SAFE.zip,https://download.dataspace.copernicus.eu/odata/v1/Products(72e4a324-932e-45f5-878d-781f0c8bb22d)/$value
DE14,Berlin,S1A_IW_GRDH_1SDV_20251026T051734_20251026T051759_061592_07B177_8845_COG,2025-10-26T05:17:34.341604Z,2025-10-26,95,61592,0.2948644588929974,29.486445889299738,38.87678293184499,S1A_IW_GRDH_1SDV_20251026T051734_20251026T051759_061592_07B177_8845_COG.SAFE.zip,https://download.dataspace.copernicus.eu/odata/v1/Products(a53796c3-8d90-4fce-bb60-8bfcc9673256)/$value
DE14,Berlin,S1A_IW_GRDH_1SDV_20250405T051737_20250405T051802_058617_074196_5E6C_COG,2025-04-05T05:17:37.309201Z,2025-04-05,95,58617,0.2947973365531375,29.47973365531375,38.88177814497849,S1A_IW_GRDH_1SDV_20250405T051737_20250405T051802_058617_074196_5E6C_COG.SAFE.zip,https://zipper.dataspace.copernicus.eu/odata/v1/Products(d52bff76-93cf-47b3-b271-84d538ffc6a9)/$value
DE14,Berlin,S1A_IW_GRDH_1SDV_20251014T051734_20251014T051759_061417_07AA71_7FFB_COG,2025-10-14T05:17:34.652506Z,2025-10-14,95,61417,0.2945736060840505,29.457360608405047,38.87955451568135,S1A_IW_GRDH_1SDV_20251014T051734_20251014T051759_061417_07AA71_7FFB_COG.SAFE.zip,https://download.dataspace.copernicus.eu/odata/v1/Products(0b8cf287-57ac-44cd-a904-5c4306351835)/$value
DE14,Berlin,S1A_IW_GRDH_1SDV_20250417T051737_20250417T051802_058792_0748BC_8801_COG,2025-04-17T05:17:37.142581Z,2025-04-17,95,58792,0.2943285782114938,29.432857821149383,38.88308748030848,S1A_IW_GRDH_1SDV_20250417T051737_20250417T051802_058792_0748BC_8801_COG.SAFE.zip,https://download.dataspace.copernicus.eu/odata/v1/Products(0b19a2d1-7d7d-4489-9e86-555a888357f1)/$value
DE14,Berlin,S1A_IW_GRDH_1SDV_20250920T051734_20250920T051759_061067_079C54_DAD6_COG,2025-09-20T05:17:34.334737Z,2025-09-20,95,61067,0.294222713497742,29.4222713497742,38.87937248961987,S1A_IW_GRDH_1SDV_20250920T051734_20250920T051759_061067_079C54_DAD6_COG.SAFE.zip,https://download.dataspace.copernicus.eu/odata/v1/Products(5e13d50f-3f13-4b82-975b-e4b587dc57b4)/$value
DE14,Berlin,S1A_IW_GRDH_1SDV_20250908T051734_20250908T051759_060892_079552_2BA9_COG,2025-09-08T05:17:34.040415Z,2025-09-08,95,60892,0.2938387385127591,29.383873851275915,38.87936780814012,S1A_IW_GRDH_1SDV_20250908T051734_20250908T051759_060892_079552_2BA9_COG.SAFE.zip,https://download.dataspace.copernicus.eu/odata/v1/Products(34ee328a-bbcd-4230-947d-77798a774e88)/$value
DE14,Berlin,S1A_IW_GRDH_1SDV_20250827T051733_20250827T051758_060717_078E5D_87F7_COG,2025-08-27T05:17:33.706338Z,2025-08-27,95,60717,0.2935702896752269,29.35702896752269,38.88145928443019,S1A_IW_GRDH_1SDV_20250827T051733_20250827T051758_060717_078E5D_87F7_COG.SAFE.zip,https://download.dataspace.copernicus.eu/odata/v1/Products(1bcb3ad9-dc62-4cf3-be62-f6bbe7038202)/$value
DE14,Berlin,S1A_IW_GRDH_1SDV_20250815T051733_20250815T051758_060542_078778_1BF9_COG,2025-08-15T05:17:33.531903Z,2025-08-15,95,60542,0.2934990995991836,29.34990995991836,38.88133147334874,S1A_IW_GRDH_1SDV_20250815T051733_20250815T051758_060542_078778_1BF9_COG.SAFE.zip,https://download.dataspace.copernicus.eu/odata/v1/Products(c520275f-d881-4877-a752-868465dc11ad)/$value
DE14,Berlin,S1A_IW_GRDH_1SDV_20250523T051736_20250523T051801_059317_075C9A_2D1C_COG,2025-05-23T05:17:36.754478Z,2025-05-23,95,59317,0.2933374548724376,29.33374548724376,38.88168398239163,S1A_IW_GRDH_1SDV_20250523T051736_20250523T051801_059317_075C9A_2D1C_COG.SAFE.zip,https://download.dataspace.copernicus.eu/odata/v1/Products(f6beccd8-4a97-4171-a005-5a7f22b8fa28)/$value
DE14,Berlin,S1A_IW_GRDH_1SDV_20250616T051735_20250616T051800_059667_0768A2_A96C_COG,2025-06-16T05:17:35.536499Z,2025-06-16,95,59667,0.2932970194739692,29.329701947396924,38.88290862397109,S1A_IW_GRDH_1SDV_20250616T051735_20250616T051800_059667_0768A2_A96C_COG.SAFE.zip,https://download.dataspace.copernicus.eu/odata/v1/Products(e8f2b1ce-773a-4228-af23-dffff84d6aab)/$value
DE14,Berlin,S1A_IW_GRDH_1SDV_20250604T051736_20250604T051801_059492_0762AA_816D_COG,2025-06-04T05:17:36.185587Z,2025-06-04,95,59492,0.2932954986436238,29.32954986436238,38.88178575358295,S1A_IW_GRDH_1SDV_20250604T051736_20250604T051801_059492_0762AA_816D_COG.SAFE.zip,https://download.dataspace.copernicus.eu/odata/v1/Products(06f8cc37-30a5-4d73-ac6f-199fe36d487e)/$value
DE14,Berlin,S1A_IW_GRDH_1SDV_20250803T051733_20250803T051758_060367_0780CB_C374_COG,2025-08-03T05:17:33.589688Z,2025-08-03,95,60367,0.2932679960862988,29.32679960862988,38.88127120460785,S1A_IW_GRDH_1SDV_20250803T051733_20250803T051758_060367_0780CB_C374_COG.SAFE.zip,https://download.dataspace.copernicus.eu/odata/v1/Products(a5663611-7cb5-46fe-b413-bc22e2a9dedb)/$value
DE14,Berlin,S1A_IW_GRDH_1SDV_20250429T051737_20250429T051802_058967_074FEA_659E_COG,2025-04-29T05:17:37.636678Z,2025-04-29,95,58967,0.2930141123921715,29.30141123921716,38.88380764851431,S1A_IW_GRDH_1SDV_20250429T051737_20250429T051802_058967_074FEA_659E_COG.SAFE.zip,https://download.dataspace.copernicus.eu/odata/v1/Products(4e9c071d-87e1-4246-ae25-0323a78a1e08)/$value
DE14,Berlin,S1A_IW_GRDH_1SDV_20250429T051737_20250429T051802_058967_074FEA_2522_COG,2025-04-29T05:17:37.636678Z,2025-04-29,95,58967,0.2930141123921715,29.30141123921716,38.88380764851431,S1A_IW_GRDH_1SDV_20250429T051737_20250429T051802_058967_074FEA_2522_COG.SAFE.zip,https://download.dataspace.copernicus.eu/odata/v1/Products(2ffa03bf-226e-4754-b082-b07ceff19932)/$value
DE14,Berlin,S1A_IW_GRDH_1SDV_20250722T051733_20250722T051758_060192_077AC7_E9F4_COG,2025-07-22T05:17:33.752467Z,2025-07-22,95,60192,0.292985425836573,29.298542583657305,38.88196420088043,S1A_IW_GRDH_1SDV_20250722T051733_20250722T051758_060192_077AC7_E9F4_COG.SAFE.zip,https://download.dataspace.copernicus.eu/odata/v1/Products(3bcb7b55-ae7e-4b23-ae30-b597da8c4da1)/$value
DE14,Berlin,S1A_IW_GRDH_1SDV_20250511T051737_20250511T051802_059142_075689_1B64_COG,2025-05-11T05:17:37.355643Z,2025-05-11,95,59142,0.2927511668809437,29.27511668809437,38.88238038550443,S1A_IW_GRDH_1SDV_20250511T051737_20250511T051802_059142_075689_1B64_COG.SAFE.zip,https://download.dataspace.copernicus.eu/odata/v1/Products(d82c011f-4bf5-47a4-a205-d8c133329c50)/$value
DE14,Berlin,S1A_IW_GRDH_1SDV_20250628T051735_20250628T051800_059842_076EB4_5285_COG,2025-06-28T05:17:35.039841Z,2025-06-28,95,59842,0.2925248676193366,29.252486761933667,38.88371827170611,S1A_IW_GRDH_1SDV_20250628T051735_20250628T051800_059842_076EB4_5285_COG.SAFE.zip,https://download.dataspace.copernicus.eu/odata/v1/Products(bbda39e4-eb73-45cf-8e6c-b5c4fa114117)/$value
DE14,Berlin,S1A_IW_GRDH_1SDV_20250710T051734_20250710T051759_060017_0774C4_7428_COG,2025-07-10T05:17:34.350556Z,2025-07-10,95,60017,0.2924249782422204,29.242497824222045,38.88117385137176,S1A_IW_GRDH_1SDV_20250710T051734_20250710T051759_060017_0774C4_7428_COG.SAFE.zip,https://download.dataspace.copernicus.eu/odata/v1/Products(aa8444de-feb0-4611-842e-bf787500abe4)/$value
DE20,Rostock,S1A_IW_GRDH_1SDV_20251031T052518_20251031T052543_061665_07B466_42B8_COG,2025-10-31T05:25:18.227848Z,2025-10-31,168,61665,0.9562373536201336,95.62373536201336,38.76718481112664,S1A_IW_GRDH_1SDV_20251031T052518_20251031T052543_061665_07B466_42B8_COG.SAFE.zip,https://download.dataspace.copernicus.eu/odata/v1/Products(73067d5d-8316-4a38-9ba8-6a01ca521b23)/$value
DE20,Rostock,S1A_IW_GRDH_1SDV_20251019T052518_20251019T052543_061490_07AD58_559D_COG,2025-10-19T05:25:18.580725Z,2025-10-19,168,61490,0.9559571572543978,95.59571572543976,38.76900982040458,S1A_IW_GRDH_1SDV_20251019T052518_20251019T052543_061490_07AD58_559D_COG.SAFE.zip,https://download.dataspace.copernicus.eu/odata/v1/Products(6f3d18c5-d11e-4b27-a543-186cac13a2f0)/$value
DE20,Rostock,S1A_IW_GRDH_1SDV_20250925T052518_20250925T052543_061140_079F46_FF58_COG,2025-09-25T05:25:18.172923Z,2025-09-25,168,61140,0.9559155095830156,95.59155095830155,38.77120287242654,S1A_IW_GRDH_1SDV_20250925T052518_20250925T052543_061140_079F46_FF58_COG.SAFE.zip,https://download.dataspace.copernicus.eu/odata/v1/Products(cacd0286-a100-45b3-b3a6-30852015bfb1)/$value
DE20,Rostock,S1A_IW_GRDH_1SDV_20250410T052521_20250410T052546_058690_074497_8F18_COG,2025-04-10T05:25:21.004780Z,2025-04-10,168,58690,0.9559049789461418,95.59049789461416,38.7752857894254,S1A_IW_GRDH_1SDV_20250410T052521_20250410T052546_058690_074497_8F18_COG.SAFE.zip,https://download.dataspace.copernicus.eu/odata/v1/Products(77a718ba-cabf-4468-b1b4-3207d5a8f995)/$value
DE20,Rostock,S1A_IW_GRDH_1SDV_20250422T052521_20250422T052546_058865_074BC1_DF39_COG,2025-04-22T05:25:21.226414Z,2025-04-22,168,58865,0.9558350679124972,95.58350679124972,38.77260573018322,S1A_IW_GRDH_1SDV_20250422T052521_20250422T052546_058865_074BC1_DF39_COG.SAFE.zip,https://download.dataspace.copernicus.eu/odata/v1/Products(086340b2-f4b5-4ce2-a88f-7caa741f91a2)/$value
DE20,Rostock,S1A_IW_GRDH_1SDV_20250913T052518_20250913T052543_060965_07983E_E14D_COG,2025-09-13T05:25:18.152822Z,2025-09-13,168,60965,0.955692341419598,95.5692341419598,38.7711299760983,S1A_IW_GRDH_1SDV_20250913T052518_20250913T052543_060965_07983E_E14D_COG.SAFE.zip,https://download.dataspace.copernicus.eu/odata/v1/Products(f049096e-1009-4844-8058-b78b4f96bcb7)/$value
DE20,Rostock,S1A_IW_GRDH_1SDV_20250901T052517_20250901T052542_060790_07913E_71A1_COG,2025-09-01T05:25:17.689112Z,2025-09-01,168,60790,0.9556500576572016,95.56500576572014,38.77253710642437,S1A_IW_GRDH_1SDV_20250901T052517_20250901T052542_060790_07913E_71A1_COG.SAFE.zip,https://download.dataspace.copernicus.eu/odata/v1/Products(55712434-3d63-424d-b101-0c8a4bb07bbe)/$value
DE20,Rostock,S1A_IW_GRDH_1SDV_20250504T052521_20250504T052546_059040_0752C4_AA24_COG,2025-05-04T05:25:21.293174Z,2025-05-04,168,59040,0.9555823272542132,95.55823272542132,38.77435746401727,S1A_IW_GRDH_1SDV_20250504T052521_20250504T052546_059040_0752C4_AA24_COG.SAFE.zip,https://download.dataspace.copernicus.eu/odata/v1/Products(d61c6918-dc4f-4112-bb00-8e53f2495574)/$value
DE20,Rostock,S1A_IW_GRDH_1SDV_20251007T052518_20251007T052543_061315_07A653_FD8D_COG,2025-10-07T05:25:18.706196Z,2025-10-07,168,61315,0.95558023466372,95.558023466372,38.77017133771285,S1A_IW_GRDH_1SDV_20251007T052518_20251007T052543_061315_07A653_FD8D_COG.SAFE.zip,https://download.dataspace.copernicus.eu/odata/v1/Products(af5761d8-dc7a-40eb-95db-df8fd4c00107)/$value
DE20,Rostock,S1A_IW_GRDH_1SDV_20250820T052517_20250820T052542_060615_078A5B_D09C_COG,2025-08-20T05:25:17.416819Z,2025-08-20,168,60615,0.955504610523127,95.5504610523127,38.77203207218815,S1A_IW_GRDH_1SDV_20250820T052517_20250820T052542_060615_078A5B_D09C_COG.SAFE.zip,https://download.dataspace.copernicus.eu/odata/v1/Products(ba304186-fce0-45bc-8c3e-b05be5f7c0bc)/$value
DE20,Rostock,S1A_IW_GRDH_1SDV_20250516T052520_20250516T052545_059215_075912_B1D3_COG,2025-05-16T05:25:20.977684Z,2025-05-16,168,59215,0.9552009371084152,95.52009371084152,38.77369753057714,S1A_IW_GRDH_1SDV_20250516T052520_20250516T052545_059215_075912_B1D3_COG.SAFE.zip,https://download.dataspace.copernicus.eu/odata/v1/Products(24272f1f-59d8-4107-994e-8b3a945f6fcb)/$value
DE20,Rostock,S1A_IW_GRDH_1SDV_20250715T052518_20250715T052543_060090_077749_0C31_COG,2025-07-15T05:25:18.007266Z,2025-07-15,168,60090,0.9551737080878686,95.51737080878686,38.77303973723612,S1A_IW_GRDH_1SDV_20250715T052518_20250715T052543_060090_077749_0C31_COG.SAFE.zip,https://download.dataspace.copernicus.eu/odata/v1/Products(88fc3739-e5ae-46ab-8c9a-8027209df43b)/$value
DE20,Rostock,S1A_IW_GRDH_1SDV_20250528T052520_20250528T052545_059390_075F2B_4953_COG,2025-05-28T05:25:20.540939Z,2025-05-28,168,59390,0.9550569386426137,95.50569386426136,38.77334612813719,S1A_IW_GRDH_1SDV_20250528T052520_20250528T052545_059390_075F2B_4953_COG.SAFE.zip,https://download.dataspace.copernicus.eu/odata/v1/Products(b8b2d40c-0191-42f5-bf6d-190848c301ba)/$value
DE20,Rostock,S1A_IW_GRDH_1SDV_20250621T052519_20250621T052544_059740_076B2D_7978_COG,2025-06-21T05:25:19.192298Z,2025-06-21,168,59740,0.9549919460705324,95.49919460705324,38.77374720464395,S1A_IW_GRDH_1SDV_20250621T052519_20250621T052544_059740_076B2D_7978_COG.SAFE.zip,https://download.dataspace.copernicus.eu/odata/v1/Products(cd7bec13-fa9a-436a-a0db-b19053adde48)/$value
DE20,Rostock,S1A_IW_GRDH_1SDV_20250808T052517_20250808T052542_060440_078378_C1F9_COG,2025-08-08T05:25:17.525570Z,2025-08-08,168,60440,0.9549457873125188,95.49457873125188,38.77318654828494,S1A_IW_GRDH_1SDV_20250808T052517_20250808T052542_060440_078378_C1F9_COG.SAFE.zip,https://download.dataspace.copernicus.eu/odata/v1/Products(f8517955-1cde-473c-b8bf-e903cb216f64)/$value
DE20,Rostock,S1A_IW_GRDH_1SDV_20250727T052517_20250727T052542_060265_077D4D_730A_COG,2025-07-27T05:25:17.655980Z,2025-07-27,168,60265,0.9549423642544757,95.49423642544755,38.77308091731048,S1A_IW_GRDH_1SDV_20250727T052517_20250727T052542_060265_077D4D_730A_COG.SAFE.zip,https://download.dataspace.copernicus.eu/odata/v1/Products(5265c097-992c-4199-8c4b-5acd627e9c2a)/$value
DE20,Rostock,S1A_IW_GRDH_1SDV_20250609T052519_20250609T052544_059565_076523_A7E3_COG,2025-06-09T05:25:19.929642Z,2025-06-09,168,59565,0.9548938059453236,95.48938059453236,38.77403708919265,S1A_IW_GRDH_1SDV_20250609T052519_20250609T052544_059565_076523_A7E3_COG.SAFE.zip,https://download.dataspace.copernicus.eu/odata/v1/Products(e48dbd4f-e454-4ed1-9ba8-52fb5463f91e)/$value
DE20,Rostock,S1A_IW_GRDH_1SDV_20250703T052518_20250703T052543_059915_077146_A6FF_COG,2025-07-03T05:25:18.619189Z,2025-07-03,168,59915,0.9548356867199288,95.48356867199288,38.7761928953293,S1A_IW_GRDH_1SDV_20250703T052518_20250703T052543_059915_077146_A6FF_COG.SAFE.zip,https://download.dataspace.copernicus.eu/odata/v1/Products(79827cfe-a7ae-40cf-b52f-a72dcda771db)/$value
DE20,Rostock,S1A_IW_GRDH_1SDV_20250708T053306_20250708T053331_059988_0773C3_96BE_COG,2025-07-08T05:33:06.137639Z,2025-07-08,66,59988,0.6063839625933128,60.63839625933129,38.72772670093972,S1A_IW_GRDH_1SDV_20250708T053306_20250708T053331_059988_0773C3_96BE_COG.SAFE.zip,https://download.dataspace.copernicus.eu/odata/v1/Products(f9857235-3321-4dec-9729-a73cd745434b)/$value
DE20,Rostock,S1A_IW_GRDH_1SDV_20250427T053309_20250427T053334_058938_074EBB_7EB6_COG,2025-04-27T05:33:09.423788Z,2025-04-27,66,58938,0.6062043644404707,60.620436444047066,38.72568315722845,S1A_IW_GRDH_1SDV_20250427T053309_20250427T053334_058938_074EBB_7EB6_COG.SAFE.zip,https://download.dataspace.copernicus.eu/odata/v1/Products(375dcf79-9870-4b51-8a64-2c9c5b50c16e)/$value
DE20,Rostock,S1A_IW_GRDH_1SDV_20250626T053306_20250626T053331_059813_076DB6_9F8B_COG,2025-06-26T05:33:06.818578Z,2025-06-26,66,59813,0.6061530516281383,60.61530516281383,38.72609048936739,S1A_IW_GRDH_1SDV_20250626T053306_20250626T053331_059813_076DB6_9F8B_COG.SAFE.zip,https://download.dataspace.copernicus.eu/odata/v1/Products(da7d90d0-c003-47da-80f8-91471a6dd383)/$value
DE20,Rostock,S1A_IW_GRDH_1SDV_20250825T053305_20250825T053330_060688_078D39_B44D_COG,2025-08-25T05:33:05.418183Z,2025-08-25,66,60688,0.6060732975941436,60.60732975941436,38.72493237846003,S1A_IW_GRDH_1SDV_20250825T053305_20250825T053330_060688_078D39_B44D_COG.SAFE.zip,https://download.dataspace.copernicus.eu/odata/v1/Products(b2e9dae3-b26a-4151-b6b7-b34e65415095)/$value
DE20,Rostock,S1A_IW_GRDH_1SDV_20250720T053305_20250720T053330_060163_0779C8_1E0B_COG,2025-07-20T05:33:05.507903Z,2025-07-20,66,60163,0.6059321607098044,60.59321607098044,38.72445435858845,S1A_IW_GRDH_1SDV_20250720T053305_20250720T053330_060163_0779C8_1E0B_COG.SAFE.zip,https://download.dataspace.copernicus.eu/odata/v1/Products(2a6b90bc-a528-459d-b1b7-4a39e19f96ce)/$value
DE20,Rostock,S1A_IW_GRDH_1SDV_20250801T053305_20250801T053330_060338_077FCB_DAD3_COG,2025-08-01T05:33:05.255043Z,2025-08-01,66,60338,0.6058738062745375,60.58738062745375,38.72502055100904,S1A_IW_GRDH_1SDV_20250801T053305_20250801T053330_060338_077FCB_DAD3_COG.SAFE.zip,https://download.dataspace.copernicus.eu/odata/v1/Products(69da88b1-fe56-4e1a-b6e2-f7efa62802b1)/$value
DE20,Rostock,S1A_IW_GRDH_1SDV_20250614T053307_20250614T053332_059638_0767A3_2640_COG,2025-06-14T05:33:07.341729Z,2025-06-14,66,59638,0.6056273778861279,60.56273778861279,38.72507674905331,S1A_IW_GRDH_1SDV_20250614T053307_20250614T053332_059638_0767A3_2640_COG.SAFE.zip,https://download.dataspace.copernicus.eu/odata/v1/Products(3e4bfa80-895f-43c8-9c9f-66902a420fa4)/$value
DE20,Rostock,S1A_IW_GRDH_1SDV_20251012T053306_20251012T053331_061388_07A946_D53F_COG,2025-10-12T05:33:06.556711Z,2025-10-12,66,61388,0.6055199690437055,60.55199690437056,38.72205790781863,S1A_IW_GRDH_1SDV_20251012T053306_20251012T053331_061388_07A946_D53F_COG.SAFE.zip,https://download.dataspace.copernicus.eu/odata/v1/Products(84251362-38b5-47ee-aede-21174e82898a)/$value
DE20,Rostock,S1A_IW_GRDH_1SDV_20250509T053308_20250509T053333_059113_07558F_161C_COG,2025-05-09T05:33:08.873748Z,2025-05-09,66,59113,0.6054942278890654,60.54942278890654,38.7257302461091,S1A_IW_GRDH_1SDV_20250509T053308_20250509T053333_059113_07558F_161C_COG.SAFE.zip,https://download.dataspace.copernicus.eu/odata/v1/Products(91daa2b4-8873-4d08-9bb4-e51bea6e1d6a)/$value
DE20,Rostock,S1A_IW_GRDH_1SDV_20250602T053308_20250602T053333_059463_0761AE_2B75_COG,2025-06-02T05:33:08.090050Z,2025-06-02,66,59463,0.6054875411540233,60.548754115402325,38.72553542736497,S1A_IW_GRDH_1SDV_20250602T053308_20250602T053333_059463_0761AE_2B75_COG.SAFE.zip,https://download.dataspace.copernicus.eu/odata/v1/Products(5a9eea5b-f17b-4c58-a762-2d9fd8d12f45)/$value
DE20,Rostock,S1A_IW_GRDH_1SDV_20250813T053305_20250813T053330_060513_078654_9384_COG,2025-08-13T05:33:05.184879Z,2025-08-13,66,60513,0.6053889904308456,60.53889904308456,38.72401138763578,S1A_IW_GRDH_1SDV_20250813T053305_20250813T053330_060513_078654_9384_COG.SAFE.zip,https://download.dataspace.copernicus.eu/odata/v1/Products(6746bb4a-4248-491f-aec7-f635f1c80008)/$value
DE20,Rostock,S1A_IW_GRDH_1SDV_20250918T053305_20250918T053330_061038_079B2F_6EA1_COG,2025-09-18T05:33:05.825462Z,2025-09-18,66,61038,0.6050167075867795,60.50167075867795,38.72212170872366,S1A_IW_GRDH_1SDV_20250918T053305_20250918T053330_061038_079B2F_6EA1_COG.SAFE.zip,https://download.dataspace.copernicus.eu/odata/v1/Products(b4273cb9-0b50-4f94-abdb-e0798f4c3be6)/$value
DE20,Rostock,S1A_IW_GRDH_1SDV_20250521T053308_20250521T053333_059288_075B98_E71A_COG,2025-05-21T05:33:08.401344Z,2025-05-21,66,59288,0.604976639290564,60.4976639290564,38.72434896846291,S1A_IW_GRDH_1SDV_20250521T053308_20250521T053333_059288_075B98_E71A_COG.SAFE.zip,https://download.dataspace.copernicus.eu/odata/v1/Products(aa5a5fc4-b9d8-4eeb-9f74-262f4a7d0298)/$value
DE20,Rostock,S1A_IW_GRDH_1SDV_20250415T053308_20250415T053333_058763_074791_ECAC_COG,2025-04-15T05:33:08.671817Z,2025-04-15,66,58763,0.604931908021124,60.4931908021124,38.727347751648,S1A_IW_GRDH_1SDV_20250415T053308_20250415T053333_058763_074791_ECAC_COG.SAFE.zip,https://zipper.dataspace.copernicus.eu/odata/v1/Products(e3084a6e-8eb5-4e66-9f9d-4999023a17b8)/$value
DE20,Rostock,S1A_IW_GRDH_1SDV_20250906T053305_20250906T053330_060863_079427_20D6_COG,2025-09-06T05:33:05.449395Z,2025-09-06,66,60863,0.6048908728976576,60.48908728976576,38.72187101028147,S1A_IW_GRDH_1SDV_20250906T053305_20250906T053330_060863_079427_20D6_COG.SAFE.zip,https://download.dataspace.copernicus.eu/odata/v1/Products(c57ead1a-7754-4339-8f8f-ba240e49717c)/$value
DE20,Rostock,S1A_IW_GRDH_1SDV_20250403T053309_20250403T053334_058588_074066_C6BD_COG,2025-04-03T05:33:09.107388Z,2025-04-03,66,58588,0.6047976067668192,60.47976067668191,38.72516244550556,S1A_IW_GRDH_1SDV_20250403T053309_20250403T053334_058588_074066_C6BD_COG.SAFE.zip,https://zipper.dataspace.copernicus.eu/odata/v1/Products(750f64c0-af11-4432-8a0e-ba4ebdff8743)/$value
DE20,Rostock,S1A_IW_GRDH_1SDV_20250930T053305_20250930T053330_061213_07A23B_63F8_COG,2025-09-30T05:33:05.920970Z,2025-09-30,66,61213,0.604743521613655,60.474352161365495,38.72324026030545,S1A_IW_GRDH_1SDV_20250930T053305_20250930T053330_061213_07A23B_63F8_COG.SAFE.zip,https://download.dataspace.copernicus.eu/odata/v1/Products(bb7a758d-54bd-4455-b4cb-7bc54789d992)/$value
DE20,Rostock,S1A_IW_GRDH_1SDV_20251024T053306_20251024T053331_061563_07B04C_FB87_COG,2025-10-24T05:33:06.042609Z,2025-10-24,66,61563,0.604670115618907,60.46701156189071,38.71982919808418,S1A_IW_GRDH_1SDV_20251024T053306_20251024T053331_061563_07B04C_FB87_COG.SAFE.zip,https://download.dataspace.copernicus.eu/odata/v1/Products(6d721e5e-60e5-4899-b09c-261341d60b24)/$value
DE20,Rostock,S1A_IW_GRDH_1SDV_20251024T053331_20251024T053356_061563_07B04C_96C4_COG,2025-10-24T05:33:31.042720Z,2025-10-24,66,61563,0.3949869162265546,39.49869162265546,38.76845343596182,S1A_IW_GRDH_1SDV_20251024T053331_20251024T053356_061563_07B04C_96C4_COG.SAFE.zip,https://download.dataspace.copernicus.eu/odata/v1/Products(39c50445-559c-4688-aece-244c893476a9)/$value
DE20,Rostock,S1A_IW_GRDH_1SDV_20250930T053330_20250930T053355_061213_07A23B_D0B0_COG,2025-09-30T05:33:30.920870Z,2025-09-30,66,61213,0.3949294279688883,39.49294279688883,38.77157419579368,S1A_IW_GRDH_1SDV_20250930T053330_20250930T053355_061213_07A23B_D0B0_COG.SAFE.zip,https://download.dataspace.copernicus.eu/odata/v1/Products(71a716c9-180e-4eac-b299-1b1ce37d56ba)/$value
DE20,Rostock,S1A_IW_GRDH_1SDV_20250403T053334_20250403T053359_058588_074066_B5B9_COG,2025-04-03T05:33:34.107181Z,2025-04-03,66,58588,0.3948756495630465,39.48756495630465,38.77332992693275,S1A_IW_GRDH_1SDV_20250403T053334_20250403T053359_058588_074066_B5B9_COG.SAFE.zip,https://zipper.dataspace.copernicus.eu/odata/v1/Products(0875873e-f025-401a-b75c-98e6ec8e9d16)/$value
DE20,Rostock,S1A_IW_GRDH_1SDV_20250906T053330_20250906T053355_060863_079427_DBA0_COG,2025-09-06T05:33:30.449356Z,2025-09-06,66,60863,0.3947640252080082,39.476402520800825,38.77039741592282,S1A_IW_GRDH_1SDV_20250906T053330_20250906T053355_060863_079427_DBA0_COG.SAFE.zip,https://download.dataspace.copernicus.eu/odata/v1/Products(add58ddc-e4ad-4753-bc56-7d6cc5a9d03f)/$value
DE20,Rostock,S1A_IW_GRDH_1SDV_20250415T053333_20250415T053358_058763_074791_9B9D_COG,2025-04-15T05:33:33.672954Z,2025-04-15,66,58763,0.3947571020538153,39.47571020538153,38.77542806316143,S1A_IW_GRDH_1SDV_20250415T053333_20250415T053358_058763_074791_9B9D_COG.SAFE.zip,https://zipper.dataspace.copernicus.eu/odata/v1/Products(29aaa949-bf0f-4aba-b6b9-0b31f7b985d3)/$value
DE20,Rostock,S1A_IW_GRDH_1SDV_20250521T053333_20250521T053358_059288_075B98_E2E5_COG,2025-05-21T05:33:33.401139Z,2025-05-21,66,59288,0.3946863681200393,39.46863681200393,38.77249709139995,S1A_IW_GRDH_1SDV_20250521T053333_20250521T053358_059288_075B98_E2E5_COG.SAFE.zip,https://download.dataspace.copernicus.eu/odata/v1/Products(22203938-a098-4c09-981f-da44836fc26c)/$value
DE20,Rostock,S1A_IW_GRDH_1SDV_20250918T053330_20250918T053355_061038_079B2F_D73A_COG,2025-09-18T05:33:30.825398Z,2025-09-18,66,61038,0.3946543572862226,39.46543572862227,38.77041236305738,S1A_IW_GRDH_1SDV_20250918T053330_20250918T053355_061038_079B2F_D73A_COG.SAFE.zip,https://download.dataspace.copernicus.eu/odata/v1/Products(43d6ad39-17b1-49f5-be42-e359eb782667)/$value
DE20,Rostock,S1A_IW_GRDH_1SDV_20250813T053330_20250813T053355_060513_078654_4897_COG,2025-08-13T05:33:30.184697Z,2025-08-13,66,60513,0.3942832945528786,39.428329455287866,38.7722975433925,S1A_IW_GRDH_1SDV_20250813T053330_20250813T053355_060513_078654_4897_COG.SAFE.zip,https://download.dataspace.copernicus.eu/odata/v1/Products(83445eaa-b3b6-4d6c-9e65-b7bbed5e17bf)/$value
DE20,Rostock,S1A_IW_GRDH_1SDV_20250602T053333_20250602T053358_059463_0761AE_9A08_COG,2025-06-02T05:33:33.089786Z,2025-06-02,66,59463,0.3941880012299018,39.41880012299018,38.77403218824251,S1A_IW_GRDH_1SDV_20250602T053333_20250602T053358_059463_0761AE_9A08_COG.SAFE.zip,https://download.dataspace.copernicus.eu/odata/v1/Products(98972cef-9716-49bf-a3fa-b6a69727af06)/$value
DE20,Rostock,S1A_IW_GRDH_1SDV_20250509T053333_20250509T053358_059113_07558F_8397_COG,2025-05-09T05:33:33.873469Z,2025-05-09,66,59113,0.3941815248736655,39.41815248736656,38.77424332153873,S1A_IW_GRDH_1SDV_20250509T053333_20250509T053358_059113_07558F_8397_COG.SAFE.zip,https://download.dataspace.copernicus.eu/odata/v1/Products(4ca822f2-7d5e-4b70-95fe-9f577f226b4a)/$value
DE20,Rostock,S1A_IW_GRDH_1SDV_20251012T053331_20251012T053356_061388_07A946_6DE2_COG,2025-10-12T05:33:31.556674Z,2025-10-12,66,61388,0.3941531949541388,39.41531949541389,38.77039859560877,S1A_IW_GRDH_1SDV_20251012T053331_20251012T053356_061388_07A946_6DE2_COG.SAFE.zip,https://download.dataspace.copernicus.eu/odata/v1/Products(2be781cb-2dcc-44bb-95d8-cf551ea6c83b)/$value
DE20,Rostock,S1A_IW_GRDH_1SDV_20250614T053332_20250614T053357_059638_0767A3_2A9D_COG,2025-06-14T05:33:32.341754Z,2025-06-14,66,59638,0.3940377503919999,39.40377503919999,38.77326371051191,S1A_IW_GRDH_1SDV_20250614T053332_20250614T053357_059638_0767A3_2A9D_COG.SAFE.zip,https://download.dataspace.copernicus.eu/odata/v1/Products(a71fd735-468c-4eb2-b200-a85c7f1b1740)/$value
DE20,Rostock,S1A_IW_GRDH_1SDV_20250801T053330_20250801T053355_060338_077FCB_EDAE_COG,2025-08-01T05:33:30.254810Z,2025-08-01,66,60338,0.393786488054874,39.3786488054874,38.77331731311488,S1A_IW_GRDH_1SDV_20250801T053330_20250801T053355_060338_077FCB_EDAE_COG.SAFE.zip,https://download.dataspace.copernicus.eu/odata/v1/Products(6f704184-ebf9-48ce-a521-d68dc676e46d)/$value
DE20,Rostock,S1A_IW_GRDH_1SDV_20250720T053330_20250720T053355_060163_0779C8_B629_COG,2025-07-20T05:33:30.509183Z,2025-07-20,66,60163,0.39374380383352,39.374380383352,38.77288140554217,S1A_IW_GRDH_1SDV_20250720T053330_20250720T053355_060163_0779C8_B629_COG.SAFE.zip,https://download.dataspace.copernicus.eu/odata/v1/Products(7d19a231-c840-40ea-b47a-442392a895e5)/$value
DE20,Rostock,S1A_IW_GRDH_1SDV_20250825T053330_20250825T053355_060688_078D39_2BEB_COG,2025-08-25T05:33:30.419462Z,2025-08-25,66,60688,0.3935991269716312,39.35991269716312,38.77326064837254,S1A_IW_GRDH_1SDV_20250825T053330_20250825T053355_060688_078D39_2BEB_COG.SAFE.zip,https://download.dataspace.copernicus.eu/odata/v1/Products(e3e173c5-a0de-4cb5-96cc-41832c14e936)/$value
DE20,Rostock,S1A_IW_GRDH_1SDV_20250626T053331_20250626T053356_059813_076DB6_9C6C_COG,2025-06-26T05:33:31.818270Z,2025-06-26,66,59813,0.3935061635644442,39.35061635644442,38.77460359620766,S1A_IW_GRDH_1SDV_20250626T053331_20250626T053356_059813_076DB6_9C6C_COG.SAFE.zip,https://download.dataspace.copernicus.eu/odata/v1/Products(5d4087a6-e621-47b6-83de-def2fe02a883)/$value
DE20,Rostock,S1A_IW_GRDH_1SDV_20250427T053334_20250427T053359_058938_074EBB_0EEC_COG,2025-04-27T05:33:34.423522Z,2025-04-27,66,58938,0.393470950171385,39.3470950171385,38.77388415946299,S1A_IW_GRDH_1SDV_20250427T053334_20250427T053359_058938_074EBB_0EEC_COG.SAFE.zip,https://download.dataspace.copernicus.eu/odata/v1/Products(a202b63c-a83c-4c88-a235-dad21ec0b5c3)/$value
DE20,Rostock,S1A_IW_GRDH_1SDV_20250708T053331_20250708T053356_059988_0773C3_E89A_COG,2025-07-08T05:33:31.137274Z,2025-07-08,66,59988,0.3932942724092342,39.32942724092342,38.7759806667027,S1A_IW_GRDH_1SDV_20250708T053331_20250708T053356_059988_0773C3_E89A_COG.SAFE.zip,https://download.dataspace.copernicus.eu/odata/v1/Products(3b90b955-37ee-4507-bada-b587c93582af)/$value
DE20,Rostock,S1A_IW_GRDH_1SDV_20250703T052453_20250703T052518_059915_077146_E8F0_COG,2025-07-03T05:24:53.619886Z,2025-07-03,168,59915,0.0449845006990406,4.498450069904063,38.72823524945095,S1A_IW_GRDH_1SDV_20250703T052453_20250703T052518_059915_077146_E8F0_COG.SAFE.zip,https://download.dataspace.copernicus.eu/odata/v1/Products(a2a3c137-7c31-42ec-a7e0-ea41607b20c3)/$value
DE20,Rostock,S1A_IW_GRDH_1SDV_20250609T052454_20250609T052519_059565_076523_9A6F_COG,2025-06-09T05:24:54.930236Z,2025-06-09,168,59565,0.044929062260275,4.492906226027504,38.72612134826021,S1A_IW_GRDH_1SDV_20250609T052454_20250609T052519_059565_076523_9A6F_COG.SAFE.zip,https://download.dataspace.copernicus.eu/odata/v1/Products(3f6099de-b1b1-4cc5-af6e-1173f253daaf)/$value
DE20,Rostock,S1A_IW_GRDH_1SDV_20250727T052452_20250727T052517_060265_077D4D_BF2B_COG,2025-07-27T05:24:52.655028Z,2025-07-27,168,60265,0.0448780777288361,4.487807772883616,38.72522034083568,S1A_IW_GRDH_1SDV_20250727T052452_20250727T052517_060265_077D4D_BF2B_COG.SAFE.zip,https://download.dataspace.copernicus.eu/odata/v1/Products(2861b738-af56-4288-90e5-d40df57815c8)/$value
DE20,Rostock,S1A_IW_GRDH_1SDV_20250808T052452_20250808T052517_060440_078378_BF6A_COG,2025-08-08T05:24:52.524619Z,2025-08-08,168,60440,0.0448769950663377,4.487699506633773,38.72530553505955,S1A_IW_GRDH_1SDV_20250808T052452_20250808T052517_060440_078378_BF6A_COG.SAFE.zip,https://download.dataspace.copernicus.eu/odata/v1/Products(2bc57d63-d606-4443-8ada-752089b15d21)/$value
DE20,Rostock,S1A_IW_GRDH_1SDV_20250621T052454_20250621T052519_059740_076B2D_C867_COG,2025-06-21T05:24:54.192882Z,2025-06-21,168,59740,0.0448247971316794,4.482479713167943,38.72583456099743,S1A_IW_GRDH_1SDV_20250621T052454_20250621T052519_059740_076B2D_C867_COG.SAFE.zip,https://download.dataspace.copernicus.eu/odata/v1/Products(3349ac80-a0c8-4931-a286-c69c5c707a62)/$value
DE20,Rostock,S1A_IW_GRDH_1SDV_20250528T052455_20250528T052520_059390_075F2B_0415_COG,2025-05-28T05:24:55.540004Z,2025-05-28,168,59390,0.0447640881117678,4.476408811176789,38.72542707324151,S1A_IW_GRDH_1SDV_20250528T052455_20250528T052520_059390_075F2B_0415_COG.SAFE.zip,https://download.dataspace.copernicus.eu/odata/v1/Products(2040e5a1-efac-494b-bb34-7778e5b55f7c)/$value
DE20,Rostock,S1A_IW_GRDH_1SDV_20250715T052453_20250715T052518_060090_077749_0467_COG,2025-07-15T05:24:53.007800Z,2025-07-15,168,60090,0.0446444428223704,4.464444282237042,38.72517128752415,S1A_IW_GRDH_1SDV_20250715T052453_20250715T052518_060090_077749_0467_COG.SAFE.zip,https://download.dataspace.copernicus.eu/odata/v1/Products(02a7e9ad-ab80-4f1e-b7d3-4e590f2f507f)/$value
DE20,Rostock,S1A_IW_GRDH_1SDV_20250516T052455_20250516T052520_059215_075912_BFAE_COG,2025-05-16T05:24:55.976760Z,2025-05-16,168,59215,0.0446223888431324,4.462238884313244,38.72609801244114,S1A_IW_GRDH_1SDV_20250516T052455_20250516T052520_059215_075912_BFAE_COG.SAFE.zip,https://download.dataspace.copernicus.eu/odata/v1/Products(e677b450-2f85-4793-ac48-03aeefad030f)/$value
DE20,Rostock,S1A_IW_GRDH_1SDV_20250820T052452_20250820T052517_060615_078A5B_34FB_COG,2025-08-20T05:24:52.417318Z,2025-08-20,168,60615,0.0443242870687389,4.432428706873895,38.72442169764091,S1A_IW_GRDH_1SDV_20250820T052452_20250820T052517_060615_078A5B_34FB_COG.SAFE.zip,https://download.dataspace.copernicus.eu/odata/v1/Products(6075c991-e058-4b70-af9a-a9b0507e44ed)/$value
DE20,Rostock,S1A_IW_GRDH_1SDV_20251007T052453_20251007T052518_061315_07A653_478C_COG,2025-10-07T05:24:53.706545Z,2025-10-07,168,61315,0.044240336398553,4.424033639855307,38.72220173070968,S1A_IW_GRDH_1SDV_20251007T052453_20251007T052518_061315_07A653_478C_COG.SAFE.zip,https://download.dataspace.copernicus.eu/odata/v1/Products(2a73a150-0965-4e00-a7cb-21e14866fea2)/$value
DE20,Rostock,S1A_IW_GRDH_1SDV_20250504T052456_20250504T052521_059040_0752C4_85DA_COG,2025-05-04T05:24:56.293768Z,2025-05-04,168,59040,0.0442402584104637,4.424025841046373,38.72643187285559,S1A_IW_GRDH_1SDV_20250504T052456_20250504T052521_059040_0752C4_85DA_COG.SAFE.zip,https://download.dataspace.copernicus.eu/odata/v1/Products(36406f28-088a-4053-9672-6806670abd64)/$value
DE20,Rostock,S1A_IW_GRDH_1SDV_20250901T052452_20250901T052517_060790_07913E_1638_COG,2025-09-01T05:24:52.689323Z,2025-09-01,168,60790,0.0441700849008653,4.417008490086538,38.72459923243964,S1A_IW_GRDH_1SDV_20250901T052452_20250901T052517_060790_07913E_1638_COG.SAFE.zip,https://download.dataspace.copernicus.eu/odata/v1/Products(d594eef3-4f7e-460b-8b8d-3942c022017c)/$value
DE20,Rostock,S1A_IW_GRDH_1SDV_20250913T052453_20250913T052518_060965_07983E_EDA6_COG,2025-09-13T05:24:53.153238Z,2025-09-13,168,60965,0.0441354895007848,4.413548950078485,38.7234651930855,S1A_IW_GRDH_1SDV_20250913T052453_20250913T052518_060965_07983E_EDA6_COG.SAFE.zip,https://download.dataspace.copernicus.eu/odata/v1/Products(5a322a2b-6204-4751-a2a6-6fbd4dc66107)/$value
DE20,Rostock,S1A_IW_GRDH_1SDV_20250422T052456_20250422T052521_058865_074BC1_2DA8_COG,2025-04-22T05:24:56.226911Z,2025-04-22,168,58865,0.0439889375633375,4.398893756333756,38.7247319505114,S1A_IW_GRDH_1SDV_20250422T052456_20250422T052521_058865_074BC1_2DA8_COG.SAFE.zip,https://download.dataspace.copernicus.eu/odata/v1/Products(79111704-6962-42ee-aca0-44a68f848b66)/$value
DE20,Rostock,S1A_IW_GRDH_1SDV_20250410T052456_20250410T052521_058690_074497_A684_COG,2025-04-10T05:24:56.005391Z,2025-04-10,168,58690,0.0439096801781558,4.390968017815585,38.7272924413635,S1A_IW_GRDH_1SDV_20250410T052456_20250410T052521_058690_074497_A684_COG.SAFE.zip,https://download.dataspace.copernicus.eu/odata/v1/Products(eecb7cae-a677-4e6f-82b7-9b19a38086ce)/$value
DE20,Rostock,S1A_IW_GRDH_1SDV_20250925T052453_20250925T052518_061140_079F46_92AA_COG,2025-09-25T05:24:53.173331Z,2025-09-25,168,61140,0.043904437545712,4.390443754571207,38.7232079489977,S1A_IW_GRDH_1SDV_20250925T052453_20250925T052518_061140_079F46_92AA_COG.SAFE.zip,https://download.dataspace.copernicus.eu/odata/v1/Products(429107d8-b25e-4ba3-858c-b6d99538e275)/$value
DE20,Rostock,S1A_IW_GRDH_1SDV_20251019T052453_20251019T052518_061490_07AD58_EC47_COG,2025-10-19T05:24:53.581002Z,2025-10-19,168,61490,0.0438669638560747,4.386696385607479,38.72128049124989,S1A_IW_GRDH_1SDV_20251019T052453_20251019T052518_061490_07AD58_EC47_COG.SAFE.zip,https://download.dataspace.copernicus.eu/odata/v1/Products(01d4af89-15d1-4dce-a28f-f27d3981532d)/$value
DE20,Rostock,S1A_IW_GRDH_1SDV_20251031T052453_20251031T052518_061665_07B466_6B5C_COG,2025-10-31T05:24:53.227761Z,2025-10-31,168,61665,0.0435943148839688,4.359431488396884,38.71946313925947,S1A_IW_GRDH_1SDV_20251031T052453_20251031T052518_061665_07B466_6B5C_COG.SAFE.zip,https://download.dataspace.copernicus.eu/odata/v1/Products(7a08289e-eb3c-44b0-96cc-4f86abb8cf4f)/$value
