city_id,city_name,status,input_raster,output_raster,aoi_file,utm_epsg,width,height,pixel_size_m,validation,error,left,bottom,right,top,duration_seconds,band_1_name,band_1_mean,band_1_std,band_1_p01,band_1_p50,band_1_p95,band_1_p99,band_1_valid_percent,band_2_name,band_2_mean,band_2_std,band_2_p01,band_2_p50,band_2_p95,band_2_p99,band_2_valid_percent
DE01,Mannheim,skipped_valid,data\interim\sar_buffered\DE01_Mannheim\DE01_Mannheim_S1_TC_buffered.tif,data\processed\sar\DE01_Mannheim\DE01_Mannheim_S1_VV_VH.tif,data\aoi\cities\DE01_Mannheim_aoi.gpkg,32632,3000,3000,10.0,valid,,,,,,,,,,,,,,,,,,,,,,
DE02,Heidelberg,cropped_valid,data\interim\sar_buffered\DE02_Heidelberg\DE02_Heidelberg_S1_TC_buffered.tif,data\processed\sar\DE02_Heidelberg\DE02_Heidelberg_S1_VV_VH.tif,data\aoi\cities\DE02_Heidelberg_aoi.gpkg,32632,3000,3000,10.0,valid,,461230.41702031455,5456841.618231593,491230.41702031455,5486841.618231593,11.266735,Sigma0_VV,0.1957511454820633,1.6899837255477905,0.0088383499532938,0.1061505526304245,0.5057293176651001,1.4029319286346436,100.0,Sigma0_VH,0.03429228812456131,0.11212705075740814,0.0017384495586156845,0.02254212275147438,0.09559523314237595,0.2051691859960556,100.0
DE03,Karlsruhe,cropped_valid,data\interim\sar_buffered\DE03_Karlsruhe\DE03_Karlsruhe_S1_TC_buffered.tif,data\processed\sar\DE03_Karlsruhe\DE03_Karlsruhe_S1_VV_VH.tif,data\aoi\cities\DE03_Karlsruhe_aoi.gpkg,32632,3000,3000,10.0,valid,,441391.24642737134,5413394.106587356,471391.24642737134,5443394.106587356,10.238762,Sigma0_VV,0.16212444007396698,1.0006862878799438,0.007810117211192846,0.10304662585258484,0.35770606994628906,1.161407470703125,100.0,Sigma0_VH,0.031040839850902557,0.20684829354286194,0.0017139461124315858,0.02364843711256981,0.06896951794624329,0.1622847318649292,100.0
DE04,Stuttgart,cropped_valid,data\interim\sar_buffered\DE04_Stuttgart\DE04_Stuttgart_S1_TC_buffered.tif,data\processed\sar\DE04_Stuttgart\DE04_Stuttgart_S1_VV_VH.tif,data\aoi\cities\DE04_Stuttgart_aoi.gpkg,32632,3000,3000,10.0,valid,,498437.70616791205,5387549.149969402,528437.7061679121,5417549.149969402,8.986422,Sigma0_VV,0.23093752562999725,1.1515663862228394,0.026055773720145226,0.1215166300535202,0.542417049407959,1.8574209213256836,100.0,Sigma0_VH,0.043207619339227676,0.17096784710884094,0.004363857675343752,0.02697800286114216,0.10578557848930359,0.2827303409576416,100.0
DE05,Munich,skipped_valid,data\interim\sar_buffered\DE05_Munich\DE05_Munich_S1_TC_buffered.tif,data\processed\sar\DE05_Munich\DE05_Munich_S1_VV_VH.tif,data\aoi\cities\DE05_Munich_aoi.gpkg,32632,3000,3000,10.0,valid,,,,,,,,,,,,,,,,,,,,,,
DE06,Nuremberg,cropped_valid,data\interim\sar_buffered\DE06_Nuremberg\DE06_Nuremberg_S1_TC_buffered.tif,data\processed\sar\DE06_Nuremberg\DE06_Nuremberg_S1_VV_VH.tif,data\aoi\cities\DE06_Nuremberg_aoi.gpkg,32632,3000,3000,10.0,valid,,635510.4733126876,5464788.6269730525,665510.4733126876,5494788.6269730525,8.40414,Sigma0_VV,0.23002630472183228,2.9393415451049805,0.026622729375958443,0.12686088681221008,0.44871407747268677,1.7436434030532837,100.0,Sigma0_VH,0.038720451295375824,0.1098184883594513,0.005510610993951559,0.03094247356057167,0.0772557333111763,0.1885751336812973,100.0
DE07,Frankfurt,cropped_valid,data\interim\sar_buffered\DE07_Frankfurt\DE07_Frankfurt_S1_TC_buffered.tif,data\processed\sar\DE07_Frankfurt\DE07_Frankfurt_S1_VV_VH.tif,data\aoi\cities\DE07_Frankfurt_aoi.gpkg,32632,3000,3000,10.0,valid,,462269.50839400734,5536009.574938818,492269.50839400734,5566009.574938818,8.665713,Sigma0_VV,0.2333725541830063,2.6600546836853027,0.01601717248558998,0.12305574864149094,0.565169095993042,1.9466586112976074,100.0,Sigma0_VH,0.04488370940089226,0.48515748977661133,0.0025196184869855642,0.02672761306166649,0.10973028838634491,0.31916511058807373,100.0
DE08,Cologne,cropped_valid,data\interim\sar_buffered\DE08_Cologne\DE08_Cologne_S1_TC_buffered.tif,data\processed\sar\DE08_Cologne\DE08_Cologne_S1_VV_VH.tif,data\aoi\cities\DE08_Cologne_aoi.gpkg,32632,3000,3000,10.0,valid,,341689.07368864154,5629855.7336777095,371689.07368864154,5659855.7336777095,8.983437,Sigma0_VV,0.2501637041568756,1.877563714981079,0.009087110869586468,0.11814860999584198,0.6304724216461182,2.2383265495300293,100.0,Sigma0_VH,0.04195729270577431,0.16512438654899597,0.001979563385248184,0.026260415092110634,0.11613642424345016,0.2904646694660187,100.0
DE09,Dusseldorf,cropped_valid,data\interim\sar_buffered\DE09_Dusseldorf\DE09_Dusseldorf_S1_TC_buffered.tif,data\processed\sar\DE09_Dusseldorf\DE09_Dusseldorf_S1_VV_VH.tif,data\aoi\cities\DE09_Dusseldorf_aoi.gpkg,32632,3000,3000,10.0,valid,,329541.7297870738,5662501.947899519,359541.7297870738,5692501.947899519,8.561601,Sigma0_VV,0.22361434996128082,2.0604610443115234,0.008973576128482819,0.10626526921987534,0.5404946804046631,1.908769965171814,100.0,Sigma0_VH,0.038009874522686005,0.20737120509147644,0.001992326695472002,0.02334514632821083,0.10348187386989594,0.26920706033706665,100.0
DE10,Dortmund,cropped_valid,data\interim\sar_buffered\DE10_Dortmund\DE10_Dortmund_S1_TC_buffered.tif,data\processed\sar\DE10_Dortmund\DE10_Dortmund_S1_VV_VH.tif,data\aoi\cities\DE10_Dortmund_aoi.gpkg,32632,3000,3000,10.0,valid,,378506.8353732135,5693058.186498104,408506.8353732135,5723058.186498104,9.243283,Sigma0_VV,0.19330477714538574,2.799891948699951,0.016467474400997162,0.10705789923667908,0.45594653487205505,1.4713200330734253,100.0,Sigma0_VH,0.035310499370098114,0.1402723342180252,0.003008834784850478,0.024060947820544243,0.0885106772184372,0.2141275554895401,100.0
DE11,Hamburg,cropped_valid,data\interim\sar_buffered\DE11_Hamburg\DE11_Hamburg_S1_TC_buffered.tif,data\processed\sar\DE11_Hamburg\DE11_Hamburg_S1_VV_VH.tif,data\aoi\cities\DE11_Hamburg_aoi.gpkg,32632,3000,3000,10.0,valid,,550834.3640108273,5919037.951124841,580834.3640108273,5949037.951124841,9.538621,Sigma0_VV,0.2593937814235687,1.8885940313339233,0.00940577033907175,0.117073655128479,0.6730962991714478,2.56872820854187,100.0,Sigma0_VH,0.03868105635046959,0.12854211032390594,0.001428044866770506,0.02513761818408966,0.09285841882228851,0.27784836292266846,100.0
DE12,Bremen,cropped_valid,data\interim\sar_buffered\DE12_Bremen\DE12_Bremen_S1_TC_buffered.tif,data\processed\sar\DE12_Bremen\DE12_Bremen_S1_VV_VH.tif,data\aoi\cities\DE12_Bremen_aoi.gpkg,32632,3000,3000,10.0,valid,,471716.4166748344,5866110.43553928,501716.4166748344,5896110.43553928,10.716094,Sigma0_VV,0.1582934409379959,1.0674092769622803,0.012654284946620464,0.082921102643013,0.36287134885787964,1.2729941606521606,100.0,Sigma0_VH,0.02777940221130848,0.08683004230260849,0.0025985620450228453,0.019378088414669037,0.06355740129947662,0.15987645089626312,100.0
DE13,Hanover,cropped_valid,data\interim\sar_buffered\DE13_Hanover\DE13_Hanover_S1_TC_buffered.tif,data\processed\sar\DE13_Hanover\DE13_Hanover_S1_VV_VH.tif,data\aoi\cities\DE13_Hanover_aoi.gpkg,32632,3000,3000,10.0,valid,,534829.8579044101,5788100.337683735,564829.8579044101,5818100.337683735,8.243765,Sigma0_VV,0.20078523457050323,1.2965577840805054,0.02455669641494751,0.13187578320503235,0.40306535363197327,1.2292747497558594,97.49462222222223,Sigma0_VH,0.0379352830350399,0.15358546376228333,0.00512681482359767,0.029818665236234665,0.07495306432247162,0.1663607358932495,97.49462222222223
DE14,Berlin,skipped_valid,data\interim\sar_buffered\DE14_Berlin\DE14_Berlin_S1_TC_buffered.tif,data\processed\sar\DE14_Berlin\DE14_Berlin_S1_VV_VH.tif,data\aoi\cities\DE14_Berlin_aoi.gpkg,32633,3000,3000,10.0,valid,,,,,,,,,,,,,,,,,,,,,,
DE15,Leipzig,cropped_valid,data\interim\sar_buffered\DE15_Leipzig\DE15_Leipzig_S1_TC_buffered.tif,data\processed\sar\DE15_Leipzig\DE15_Leipzig_S1_VV_VH.tif,data\aoi\cities\DE15_Leipzig_aoi.gpkg,32633,3000,3000,10.0,valid,,302034.7504518318,5675878.11673681,332034.7504518318,5705878.11673681,8.535144,Sigma0_VV,0.15875712037086487,2.5148379802703857,0.009575748816132545,0.07836304605007172,0.3401465117931366,1.242357611656189,100.0,Sigma0_VH,0.023616846650838852,0.08673958480358124,0.0008672697003930807,0.015705501660704613,0.0564022995531559,0.14433729648590088,100.0
DE16,Dresden,cropped_valid,data\interim\sar_buffered\DE16_Dresden\DE16_Dresden_S1_TC_buffered.tif,data\processed\sar\DE16_Dresden\DE16_Dresden_S1_VV_VH.tif,data\aoi\cities\DE16_Dresden_aoi.gpkg,32633,3000,3000,10.0,valid,,396494.3682870129,5641188.093693569,426494.3682870129,5671188.093693569,10.089113,Sigma0_VV,0.1425538808107376,0.8224549293518066,0.014973869547247887,0.09219319373369217,0.31330880522727966,0.9375702738761902,99.32983333333333,Sigma0_VH,0.027915220707654953,0.06651842594146729,0.0021624905057251453,0.02095816098153591,0.06404852122068405,0.14918504655361176,99.32983333333333
DE17,Munster,cropped_valid,data\interim\sar_buffered\DE17_Munster\DE17_Munster_S1_TC_buffered.tif,data\processed\sar\DE17_Munster\DE17_Munster_S1_VV_VH.tif,data\aoi\cities\DE17_Munster_aoi.gpkg,32632,3000,3000,10.0,valid,,390600.6128986948,5742558.641319876,420600.6128986948,5772558.641319876,6.836845,Sigma0_VV,0.11473459750413895,1.0744060277938843,0.016560425981879234,0.06474518775939941,0.24706904590129852,0.754889965057373,100.0,Sigma0_VH,0.022098209708929062,0.11661524325609207,0.0023526172153651714,0.015172028914093971,0.051364827901124954,0.11609464883804321,100.0
DE18,Freiburg,skipped_valid,data\interim\sar_buffered\DE18_Freiburg\DE18_Freiburg_S1_TC_buffered.tif,data\processed\sar\DE18_Freiburg\DE18_Freiburg_S1_VV_VH.tif,data\aoi\cities\DE18_Freiburg_aoi.gpkg,32632,3000,3000,10.0,valid,,,,,,,,,,,,,,,,,,,,,,
DE19,Kiel,cropped_valid,data\interim\sar_buffered\DE19_Kiel\DE19_Kiel_S1_TC_buffered.tif,data\processed\sar\DE19_Kiel\DE19_Kiel_S1_VV_VH.tif,data\aoi\cities\DE19_Kiel_aoi.gpkg,32632,3000,3000,10.0,valid,,558026.080293128,6005074.418907635,588026.080293128,6035074.418907635,9.54584,Sigma0_VV,0.12726761400699615,0.45891278982162476,0.007747993804514408,0.09259918332099915,0.2675401270389557,0.6197637915611267,100.0,Sigma0_VH,0.026745617389678955,0.046862974762916565,0.0006130863912403584,0.02218472957611084,0.061484698206186295,0.0985458716750145,100.0
DE20,Rostock,cropped_valid,data\interim\sar_buffered\DE20_Rostock\DE20_Rostock_S1_TC_buffered.tif,data\processed\sar\DE20_Rostock\DE20_Rostock_S1_VV_VH.tif,data\aoi\cities\DE20_Rostock_aoi.gpkg,32633,3000,3000,10.0,valid,,295293.93951925624,5982693.414886766,325293.93951925624,6012693.414886766,6.528867,Sigma0_VV,0.13758066296577454,1.0438401699066162,0.01949155516922474,0.0982816144824028,0.2640291452407837,0.625482439994812,100.0,Sigma0_VH,0.03131352737545967,0.08378394693136215,0.0027881881687790155,0.025814948603510857,0.06701436638832092,0.10428416728973389,100.0
