tile_id,city_id,city_name,split,tile_row,tile_col,row_offset,col_offset,tile_size,stride,source_width_pixels,source_height_pixels,padding_pixel_count,padding_fraction,valid_pixel_count,valid_fraction,unlabeled_pixel_count,semantic_nodata_pixel_count,buildings_pixel_count,roads_pixel_count,vegetation_pixel_count,bare_land_pixel_count,water_pixel_count,contains_buildings,contains_roads,contains_vegetation,contains_bare_land,contains_water,bounds_left,bounds_bottom,bounds_right,bounds_top,crs,image_path,semantic_mask_path,validity_mask_path,image_sha256,semantic_sha256,validity_sha256,tile_qa_status,city_tile_manifest,city_tile_qa_report,total_tile_pixels,invalid_pixel_count,invalid_fraction,buildings_fraction_valid,roads_fraction_valid,vegetation_fraction_valid,bare_land_fraction_valid,water_fraction_valid,five_class_pixel_count,class_accounting_difference,vegetation_dominant_90,vegetation_dominant_95,urban_rich,road_rich,building_rich,bare_land_rich,water_rich,classes_ge_5pct,mixed_informative,passes_validity,v2_building_rich,v2_road_rich,v2_bare_land_rich,v2_water_rich,minority_rich,v2_classes_ge_5pct,v2_mixed_informative,protected_tile,extreme_vegetation,vegetation_control_keep,selected_v2,v2_selection_reason,selected_v21,v21_selection_reason
DE11_r001_c000,DE11,Hamburg,train,1,0,256,0,256,256,256,256,0,0.0,30244,0.46148681640625,35292,0,9673,5915,13551,725,380,True,True,True,True,True,550834.3640108273,5943917.951124841,553394.3640108273,5946477.951124841,EPSG:32632,data\processed\tiles\train\DE11_Hamburg\images\DE11_r001_c000_image.tif,data\processed\tiles\train\DE11_Hamburg\semantic_masks\DE11_r001_c000_semantic.tif,data\processed\tiles\train\DE11_Hamburg\validity_masks\DE11_r001_c000_validity.tif,c1892137c754d731d6219a007cae254d6e4174256a263c5218a46edea6115aa2,1eb2f3c4a4b55af39f9c869c1929186e1c1ade50d13a128164a1dd9a09bb0c4b,90595b99bbf2e3d0d284368e5fa3515daf430a6a7970348e85fffdcae9ab9502,PASS,metadata\tile_manifests\DE11_tile_manifest.csv,metadata\tile_qa\DE11_tile_qa.json,65536,35292,0.53851318359375,0.3198320327998942,0.1955759820129612,0.4480558127231848,0.0239716968654939,0.0125644755984658,30244,0,False,False,True,True,True,False,False,3,True,False,True,True,False,False,True,3,True,True,False,False,False,excluded_low_validity,True,restored_city_retention_guard
DE11_r002_c003,DE11,Hamburg,train,2,3,512,768,256,256,256,256,0,0.0,26091,0.3981170654296875,39445,0,10048,6831,8610,166,436,True,True,True,True,True,558514.3640108273,5941357.951124841,561074.3640108273,5943917.951124841,EPSG:32632,data\processed\tiles\train\DE11_Hamburg\images\DE11_r002_c003_image.tif,data\processed\tiles\train\DE11_Hamburg\semantic_masks\DE11_r002_c003_semantic.tif,data\processed\tiles\train\DE11_Hamburg\validity_masks\DE11_r002_c003_validity.tif,75d5825f90e733b197cfd5eaadbc3fa8f80f42bb71669a2347427ab4612890ad,419c3d4f1d369466f9d26982782640895f758099185157ee70b0910d333bfac0,91ac1344178d9dc6d7b38a3e42652c8eaf1d41b80b6941ea16090bd884c50959,PASS,metadata\tile_manifests\DE11_tile_manifest.csv,metadata\tile_qa\DE11_tile_qa.json,65536,39445,0.6018829345703125,0.3851136407190219,0.2618144187650914,0.3299988501782224,0.006362347169522,0.0167107431681422,26091,0,False,False,True,True,True,False,False,3,True,False,True,True,False,False,True,3,True,True,False,False,False,excluded_low_validity,True,restored_city_retention_guard
DE11_r002_c006,DE11,Hamburg,train,2,6,512,1536,256,256,256,256,0,0.0,29902,0.456268310546875,35634,0,10622,7021,10506,192,1561,True,True,True,True,True,566194.3640108273,5941357.951124841,568754.3640108273,5943917.951124841,EPSG:32632,data\processed\tiles\train\DE11_Hamburg\images\DE11_r002_c006_image.tif,data\processed\tiles\train\DE11_Hamburg\semantic_masks\DE11_r002_c006_semantic.tif,data\processed\tiles\train\DE11_Hamburg\validity_masks\DE11_r002_c006_validity.tif,35e37f85b7877179790ce00711b043c749d9c24f6fd418957b06be078ee8ee1b,5593925b83aacc75ca2e13b7d896703ca273bd9db94f2baa487a087dd52ebc79,d23dcad0d55bf46fe4af7172d9ba65e1c81b7ce4baf798a9e2144347b43ab4c2,PASS,metadata\tile_manifests\DE11_tile_manifest.csv,metadata\tile_qa\DE11_tile_qa.json,65536,35634,0.543731689453125,0.3552270751120326,0.2348003478028225,0.3513477359373955,0.0064209751856063,0.052203865962143,29902,0,False,False,True,True,True,False,False,4,True,False,True,True,False,False,True,4,True,True,False,False,False,excluded_low_validity,True,restored_city_retention_guard
DE11_r002_c009,DE11,Hamburg,train,2,9,512,2304,256,256,256,256,0,0.0,31083,0.4742889404296875,34453,0,8473,5991,15897,44,678,True,True,True,True,True,573874.3640108273,5941357.951124841,576434.3640108273,5943917.951124841,EPSG:32632,data\processed\tiles\train\DE11_Hamburg\images\DE11_r002_c009_image.tif,data\processed\tiles\train\DE11_Hamburg\semantic_masks\DE11_r002_c009_semantic.tif,data\processed\tiles\train\DE11_Hamburg\validity_masks\DE11_r002_c009_validity.tif,865957bdfed9b79a527c31114e43afa5ba80d9a4dfe59a6a6b5d303e5305ee7c,0fbdae3f90e7dd4d93b7eb5a452c098b532bc7e5d1ca1d48a70f0e20f9cf789a,102b023eb6d8a0815b68474105ed86e4b0e701f5bac9ab70bdb7e8ad19cedfab,PASS,metadata\tile_manifests\DE11_tile_manifest.csv,metadata\tile_qa\DE11_tile_qa.json,65536,34453,0.5257110595703125,0.2725927355789338,0.1927420133191776,0.5114371199691149,0.0014155647781745,0.0218125663545989,31083,0,False,False,True,True,True,False,False,3,True,False,True,True,False,False,True,3,True,True,False,False,False,excluded_low_validity,True,restored_city_retention_guard
DE11_r003_c002,DE11,Hamburg,train,3,2,768,512,256,256,256,256,0,0.0,24129,0.3681793212890625,41407,0,9892,7053,6306,539,339,True,True,True,True,True,555954.3640108273,5938797.951124841,558514.3640108273,5941357.951124841,EPSG:32632,data\processed\tiles\train\DE11_Hamburg\images\DE11_r003_c002_image.tif,data\processed\tiles\train\DE11_Hamburg\semantic_masks\DE11_r003_c002_semantic.tif,data\processed\tiles\train\DE11_Hamburg\validity_masks\DE11_r003_c002_validity.tif,3e8c6a568a762b89d422b42958e3c4650884dac022b5143346e90809a4fd9588,7b5d5bfc72dde53f24ea2b080a228f6ba3b59258d1614cbb9e4315c1faa3597e,b252a796a8ab93fa276190d4a3345ecc733412c9839d8b438648b7735a35c6f5,PASS,metadata\tile_manifests\DE11_tile_manifest.csv,metadata\tile_qa\DE11_tile_qa.json,65536,41407,0.6318206787109375,0.4099631149239504,0.2923038667163993,0.2613452691781673,0.0223382651581085,0.0140494840233743,24129,0,False,False,True,True,True,False,False,3,True,False,True,True,False,False,True,3,True,True,False,False,False,excluded_low_validity,True,restored_city_retention_guard
DE11_r003_c003,DE11,Hamburg,train,3,3,768,768,256,256,256,256,0,0.0,30680,0.4681396484375,34856,0,10495,6520,12687,369,609,True,True,True,True,True,558514.3640108273,5938797.951124841,561074.3640108273,5941357.951124841,EPSG:32632,data\processed\tiles\train\DE11_Hamburg\images\DE11_r003_c003_image.tif,data\processed\tiles\train\DE11_Hamburg\semantic_masks\DE11_r003_c003_semantic.tif,data\processed\tiles\train\DE11_Hamburg\validity_masks\DE11_r003_c003_validity.tif,64443827dffe0ae6b28b913e3cbf5b1efabbedf05acd5b6e471be296fee65a7a,780bf863c9a025eff950e2e497f058b3cef37ed86d2918cc9aef97a7b9885b65,359728d6c857263e6aca239840154de2c77de6dabbfa71b83e60ac357034b8dc,PASS,metadata\tile_manifests\DE11_tile_manifest.csv,metadata\tile_qa\DE11_tile_qa.json,65536,34856,0.5318603515625,0.3420795306388526,0.2125162972620599,0.4135267275097783,0.0120273794002607,0.0198500651890482,30680,0,False,False,True,True,True,False,False,3,True,False,True,True,False,False,True,3,True,True,False,False,False,excluded_low_validity,True,restored_city_retention_guard
DE11_r003_c007,DE11,Hamburg,train,3,7,768,1792,256,256,256,256,0,0.0,30423,0.4642181396484375,35113,0,12235,6903,9877,1095,313,True,True,True,True,True,568754.3640108273,5938797.951124841,571314.3640108273,5941357.951124841,EPSG:32632,data\processed\tiles\train\DE11_Hamburg\images\DE11_r003_c007_image.tif,data\processed\tiles\train\DE11_Hamburg\semantic_masks\DE11_r003_c007_semantic.tif,data\processed\tiles\train\DE11_Hamburg\validity_masks\DE11_r003_c007_validity.tif,31f8331b257ba624f87398c86e5740980ff8268311e37cc0ff1f81558bf62959,f39135db78c4300972708bf4bde40ad6861cb31a65cecdaf4889e71774cd6999,2e22b3a71dd33e43f4dedca5729d457fa0bf1afa70956056025b42395d565e78,PASS,metadata\tile_manifests\DE11_tile_manifest.csv,metadata\tile_qa\DE11_tile_qa.json,65536,35113,0.5357818603515625,0.4021628373270223,0.2269007001281925,0.3246556881306906,0.0359925056700522,0.0102882687440423,30423,0,False,False,True,True,True,False,False,3,True,False,True,True,False,False,True,3,True,True,False,False,False,excluded_low_validity,True,restored_city_retention_guard
DE11_r004_c002,DE11,Hamburg,train,4,2,1024,512,256,256,256,256,0,0.0,27269,0.4160919189453125,38267,0,10931,6381,9522,290,145,True,True,True,True,True,555954.3640108273,5936237.951124841,558514.3640108273,5938797.951124841,EPSG:32632,data\processed\tiles\train\DE11_Hamburg\images\DE11_r004_c002_image.tif,data\processed\tiles\train\DE11_Hamburg\semantic_masks\DE11_r004_c002_semantic.tif,data\processed\tiles\train\DE11_Hamburg\validity_masks\DE11_r004_c002_validity.tif,e9677e6c8e4f84e3d6cb203c4bc42a243b899bde88b5dd96702e30a0e583cd05,609a81535dfdd33bc55c91416735b9a064073214337331eb5f12523106ba38be,4306ec1f4be08a051fba6ccac2004cd9b978309e15ee3e52673934947212e9c5,PASS,metadata\tile_manifests\DE11_tile_manifest.csv,metadata\tile_qa\DE11_tile_qa.json,65536,38267,0.5839080810546875,0.4008581172760277,0.2340019802706369,0.3491877223220507,0.0106347867541897,0.0053173933770948,27269,0,False,False,True,True,True,False,False,3,True,False,True,True,False,False,True,3,True,True,False,False,False,excluded_low_validity,True,restored_city_retention_guard
DE11_r004_c005,DE11,Hamburg,train,4,5,1024,1280,256,256,256,256,0,0.0,31579,0.4818572998046875,33957,0,16469,7888,5202,112,1908,True,True,True,True,True,563634.3640108273,5936237.951124841,566194.3640108273,5938797.951124841,EPSG:32632,data\processed\tiles\train\DE11_Hamburg\images\DE11_r004_c005_image.tif,data\processed\tiles\train\DE11_Hamburg\semantic_masks\DE11_r004_c005_semantic.tif,data\processed\tiles\train\DE11_Hamburg\validity_masks\DE11_r004_c005_validity.tif,94683cc4676d5d6d87c50b6895a2caa4d5a167d75a7a9a94e04fab1b6d1c10ee,d66886272848769bdedcd26e8f9d470c43e2a20919f20fccf95bffe10dcd563c,5e6b735554d6a7c9810ab792663dc9009e6f8f582d1e6e2d8e7284f1d76dc7d9,PASS,metadata\tile_manifests\DE11_tile_manifest.csv,metadata\tile_qa\DE11_tile_qa.json,65536,33957,0.5181427001953125,0.5215174641375597,0.2497862503562494,0.1647297254504575,0.0035466607555654,0.0604198993001678,31579,0,False,False,True,True,True,False,False,4,True,False,True,True,False,False,True,4,True,True,False,False,False,excluded_low_validity,True,restored_city_retention_guard
DE11_r004_c007,DE11,Hamburg,train,4,7,1024,1792,256,256,256,256,0,0.0,32624,0.497802734375,32912,0,14565,8620,7880,494,1065,True,True,True,True,True,568754.3640108273,5936237.951124841,571314.3640108273,5938797.951124841,EPSG:32632,data\processed\tiles\train\DE11_Hamburg\images\DE11_r004_c007_image.tif,data\processed\tiles\train\DE11_Hamburg\semantic_masks\DE11_r004_c007_semantic.tif,data\processed\tiles\train\DE11_Hamburg\validity_masks\DE11_r004_c007_validity.tif,bc003cc992262d790c363604f5f112e5204e7e02e7f764b72c310aa1c02ea432,09b5ae3c866ac9cf616781a27f18ff4ed6e33037528e40765ddbceb4535c4dde,b2514b5f2d5e7fbe2fa2b37e281ad5b57fece0dbb9dd2f7580d67f2017cb8912,PASS,metadata\tile_manifests\DE11_tile_manifest.csv,metadata\tile_qa\DE11_tile_qa.json,65536,32912,0.502197265625,0.446450465914664,0.2642226581657675,0.2415399705738107,0.0151422265816576,0.0326446787641,32624,0,False,False,True,True,True,False,False,3,True,False,True,True,False,False,True,3,True,True,False,False,False,excluded_low_validity,True,restored_city_retention_guard
DE11_r004_c008,DE11,Hamburg,train,4,8,1024,2048,256,256,256,256,0,0.0,29768,0.4542236328125,35768,0,13311,7118,6750,1169,1420,True,True,True,True,True,571314.3640108273,5936237.951124841,573874.3640108273,5938797.951124841,EPSG:32632,data\processed\tiles\train\DE11_Hamburg\images\DE11_r004_c008_image.tif,data\processed\tiles\train\DE11_Hamburg\semantic_masks\DE11_r004_c008_semantic.tif,data\processed\tiles\train\DE11_Hamburg\validity_masks\DE11_r004_c008_validity.tif,13ac218aa2c6305bd2ae9780625049e02ab085539e6812f786fe3eb217cd4252,19aff44244817d16fe87e07df57722bc5102aeb8e9c55898579eaff94023cd1d,e1de0ee5b761623f34fcc6c44177aa0366f52e41671876a197fc658c9d47e270,PASS,metadata\tile_manifests\DE11_tile_manifest.csv,metadata\tile_qa\DE11_tile_qa.json,65536,35768,0.5457763671875,0.4471580220370868,0.2391158290782047,0.2267535608707336,0.0392703574307981,0.0477022305831765,29768,0,False,False,True,True,True,False,False,3,True,False,True,True,False,False,True,3,True,True,False,False,False,excluded_low_validity,True,restored_city_retention_guard
DE11_r005_c003,DE11,Hamburg,train,5,3,1280,768,256,256,256,256,0,0.0,26906,0.410552978515625,38630,0,12615,7552,5848,697,194,True,True,True,True,True,558514.3640108273,5933677.951124841,561074.3640108273,5936237.951124841,EPSG:32632,data\processed\tiles\train\DE11_Hamburg\images\DE11_r005_c003_image.tif,data\processed\tiles\train\DE11_Hamburg\semantic_masks\DE11_r005_c003_semantic.tif,data\processed\tiles\train\DE11_Hamburg\validity_masks\DE11_r005_c003_validity.tif,3e7a873068778eedc72786e46aec52431625ff12fbfd1e014440727a3463efa4,016fec3f11e8654fcbb76356f7e345003adc8e77d4f3be6ab2d0a42f8b3422ad,24097d21edb9012f8a32cc097ff480f443243517b07a5094d5b16636f1aabc7c,PASS,metadata\tile_manifests\DE11_tile_manifest.csv,metadata\tile_qa\DE11_tile_qa.json,65536,38630,0.589447021484375,0.4688545305879729,0.2806808890210362,0.2173492901211625,0.0259050026016501,0.0072102876681781,26906,0,False,False,True,True,True,False,False,3,True,False,True,True,False,False,True,3,True,True,False,False,False,excluded_low_validity,True,restored_city_retention_guard
DE11_r005_c008,DE11,Hamburg,train,5,8,1280,2048,256,256,256,256,0,0.0,28242,0.430938720703125,37294,0,9103,6247,11301,1158,433,True,True,True,True,True,571314.3640108273,5933677.951124841,573874.3640108273,5936237.951124841,EPSG:32632,data\processed\tiles\train\DE11_Hamburg\images\DE11_r005_c008_image.tif,data\processed\tiles\train\DE11_Hamburg\semantic_masks\DE11_r005_c008_semantic.tif,data\processed\tiles\train\DE11_Hamburg\validity_masks\DE11_r005_c008_validity.tif,296ebff5b67b01125a457aa5532fab969e14b822ba71ac27a4c37f168d8091b9,f4682d767d6811d0cb8160a47e5fe553ab2e6514dff7cfc42c688d79b86f5c00,5bbe8b021f5dc0c8d616df5b520482be68f0faa19c175f38795f07be5f31cd17,PASS,metadata\tile_manifests\DE11_tile_manifest.csv,metadata\tile_qa\DE11_tile_qa.json,65536,37294,0.569061279296875,0.3223213653423978,0.2211953827632604,0.4001487146802634,0.041002761844062,0.0153317753700162,28242,0,False,False,True,True,True,False,False,3,True,False,True,True,False,False,True,3,True,True,False,False,False,excluded_low_validity,True,restored_city_retention_guard
DE11_r006_c009,DE11,Hamburg,train,6,9,1536,2304,256,256,256,256,0,0.0,31218,0.476348876953125,34318,0,8114,5939,16448,95,622,True,True,True,True,True,573874.3640108273,5931117.951124841,576434.3640108273,5933677.951124841,EPSG:32632,data\processed\tiles\train\DE11_Hamburg\images\DE11_r006_c009_image.tif,data\processed\tiles\train\DE11_Hamburg\semantic_masks\DE11_r006_c009_semantic.tif,data\processed\tiles\train\DE11_Hamburg\validity_masks\DE11_r006_c009_validity.tif,9a87d1ea489a210e5eeafaa076b3b55ca09386e4b775bcd8d56452098f67e80b,a9d1a6158918211e9c69a35598f7fb6e06d897a5c1324bbb7ad1be2240937625,fa5cbc57ddcfd62434728be48b1670fdb874f8650f19bed7db1105ddefb2093a,PASS,metadata\tile_manifests\DE11_tile_manifest.csv,metadata\tile_qa\DE11_tile_qa.json,65536,34318,0.523651123046875,0.2599141520917419,0.1902428086360433,0.5268755205330258,0.0030431161509385,0.0199244025882503,31218,0,False,False,True,True,True,False,False,3,True,False,True,True,False,False,True,3,True,True,False,False,False,excluded_low_validity,True,restored_city_retention_guard
DE12_r006_c008,DE12,Bremen,train,6,8,1536,2048,256,256,256,256,0,0.0,32222,0.491668701171875,33314,0,13819,6620,9978,755,1050,True,True,True,True,True,492196.4166748344,5878190.43553928,494756.4166748344,5880750.43553928,EPSG:32632,data\processed\tiles\train\DE12_Bremen\images\DE12_r006_c008_image.tif,data\processed\tiles\train\DE12_Bremen\semantic_masks\DE12_r006_c008_semantic.tif,data\processed\tiles\train\DE12_Bremen\validity_masks\DE12_r006_c008_validity.tif,12eaf0eb5fb025b6ddada121729d0c1eb072f92664bd7eb0a998184a12fb8087,4b586875f41bdbc634fa6f9d554e0e459059b73a43558b94d4a8e72f77449c95,28cc6061a51b12e212481b641cf1b26baedbf1c2cbe546c54b9dd65906ccac66,PASS,metadata\tile_manifests\DE12_tile_manifest.csv,metadata\tile_qa\DE12_tile_qa.json,65536,33314,0.508331298828125,0.4288684749549997,0.2054496927565017,0.3096642045807212,0.0234311960772143,0.0325864316305629,32222,0,False,False,True,True,True,False,False,3,True,False,True,True,False,False,True,3,True,True,False,False,False,excluded_low_validity,True,restored_city_retention_guard
DE12_r007_c008,DE12,Bremen,train,7,8,1792,2048,256,256,256,256,0,0.0,30723,0.4687957763671875,34813,0,10166,6030,12143,505,1879,True,True,True,True,True,492196.4166748344,5875630.43553928,494756.4166748344,5878190.43553928,EPSG:32632,data\processed\tiles\train\DE12_Bremen\images\DE12_r007_c008_image.tif,data\processed\tiles\train\DE12_Bremen\semantic_masks\DE12_r007_c008_semantic.tif,data\processed\tiles\train\DE12_Bremen\validity_masks\DE12_r007_c008_validity.tif,51669181276a8a90290aa589c5159f48d819c32c690dc86bf177f70c5c796d73,89f771c21be251737c9b6457f50374d4d7815598c69ad32662b622f35aeffa47,552afc2eb0b1f6b7db50ba83a1fa678bdbbde70701b2353ff07570055ecbc109,PASS,metadata\tile_manifests\DE12_tile_manifest.csv,metadata\tile_qa\DE12_tile_qa.json,65536,34813,0.5312042236328125,0.3308921654786316,0.1962698955180158,0.3952413501285681,0.0164371968883247,0.0611593919864596,30723,0,False,False,True,True,True,False,False,4,True,False,True,True,False,False,True,4,True,True,False,False,False,excluded_low_validity,True,restored_city_retention_guard
DE13_r000_c009,DE13,Hanover,train,0,9,0,2304,256,256,256,256,0,0.0,31928,0.4871826171875,33608,0,4678,3460,23210,356,224,True,True,True,True,True,557869.8579044101,5815540.337683735,560429.8579044101,5818100.337683735,EPSG:32632,data\processed\tiles\train\DE13_Hanover\images\DE13_r000_c009_image.tif,data\processed\tiles\train\DE13_Hanover\semantic_masks\DE13_r000_c009_semantic.tif,data\processed\tiles\train\DE13_Hanover\validity_masks\DE13_r000_c009_validity.tif,636a99e3d831ed23893374ee0b13a86de47a56c05d1a5686e051ad667aee813f,8387152fc4f6c7fbdb8b8b3aca1b1cdc961f34c8ae9b9da7f1d4dcc409ef0d50,e745bfd84e7d33a0fb9f763664cc75b166e8279b6c021e4eb215ed36e5918845,PASS,metadata\tile_manifests\DE13_tile_manifest.csv,metadata\tile_qa\DE13_tile_qa.json,65536,33608,0.5128173828125,0.1465171636181408,0.1083688298672012,0.7269481332999248,0.0111500876973189,0.0070157855174141,31928,0,False,False,True,True,True,False,False,3,True,False,True,True,False,False,True,3,True,True,False,False,False,excluded_low_validity,True,restored_city_retention_guard
DE13_r003_c005,DE13,Hanover,train,3,5,768,1280,256,256,256,256,0,0.0,32078,0.489471435546875,33458,0,12210,7818,10921,437,692,True,True,True,True,True,547629.8579044101,5807860.337683735,550189.8579044101,5810420.337683735,EPSG:32632,data\processed\tiles\train\DE13_Hanover\images\DE13_r003_c005_image.tif,data\processed\tiles\train\DE13_Hanover\semantic_masks\DE13_r003_c005_semantic.tif,data\processed\tiles\train\DE13_Hanover\validity_masks\DE13_r003_c005_validity.tif,b3df96c10a80db0f2076e3b07f4ef402404c2c03bb89ad56bb7632cf458dbd7f,5e0959c4a8ecc533105a3d1650fb57ac9b28708ef47298525f81cbdcfa291fbc,46a5edf0d7a4a262cbeda05a014ff2f61075f9c02f4c49ee42b14f77755d1091,PASS,metadata\tile_manifests\DE13_tile_manifest.csv,metadata\tile_qa\DE13_tile_qa.json,65536,33458,0.510528564453125,0.3806347029116528,0.2437184363114907,0.3404513997131991,0.0136230438306627,0.0215724172329945,32078,0,False,False,True,True,True,False,False,3,True,False,True,True,False,False,True,3,True,True,False,False,False,excluded_low_validity,True,restored_city_retention_guard
DE13_r003_c006,DE13,Hanover,train,3,6,768,1536,256,256,256,256,0,0.0,31746,0.484405517578125,33790,0,7384,5068,16830,1209,1255,True,True,True,True,True,550189.8579044101,5807860.337683735,552749.8579044101,5810420.337683735,EPSG:32632,data\processed\tiles\train\DE13_Hanover\images\DE13_r003_c006_image.tif,data\processed\tiles\train\DE13_Hanover\semantic_masks\DE13_r003_c006_semantic.tif,data\processed\tiles\train\DE13_Hanover\validity_masks\DE13_r003_c006_validity.tif,a1667c0128f8797b12cf4d1224709d2c07f8a2111e55ed02a742f38677209d82,c0a950a236491899d7dc731072b84aee833cd920c77cf7acd33ac2bdeed8e211,512f3d672377b9d881d3b8d3da9509f787a4fb4b0eeb4c1453ac15c0b04600fa,PASS,metadata\tile_manifests\DE13_tile_manifest.csv,metadata\tile_qa\DE13_tile_qa.json,65536,33790,0.515594482421875,0.2325962325962326,0.1596421596421596,0.5301455301455301,0.038083538083538,0.0395325395325395,31746,0,False,False,True,True,True,False,False,3,True,False,True,True,False,False,True,3,True,True,False,False,False,excluded_low_validity,True,restored_city_retention_guard
DE13_r003_c007,DE13,Hanover,train,3,7,768,1792,256,256,256,256,0,0.0,30361,0.4632720947265625,35175,0,5656,3710,18681,1837,477,True,True,True,True,True,552749.8579044101,5807860.337683735,555309.8579044101,5810420.337683735,EPSG:32632,data\processed\tiles\train\DE13_Hanover\images\DE13_r003_c007_image.tif,data\processed\tiles\train\DE13_Hanover\semantic_masks\DE13_r003_c007_semantic.tif,data\processed\tiles\train\DE13_Hanover\validity_masks\DE13_r003_c007_validity.tif,edb27c3adbfb58c3b12aa2559ad31de34b1b36f7566986a96ac1983ab11fcd91,aa9e21aa7938e62ece2d4fa9750db300bcd8b0b43447623bac7ff73c8fe46844,6333be96a8a335c295cae170f8ce9f2fbb0b3042a4fe204e65d0edb781dea1e0,PASS,metadata\tile_manifests\DE13_tile_manifest.csv,metadata\tile_qa\DE13_tile_qa.json,65536,35175,0.5367279052734375,0.1862916241230526,0.1221962385955666,0.6152959388689437,0.0605052534501498,0.0157109449622871,30361,0,False,False,True,True,True,True,False,4,True,False,True,True,True,False,True,4,True,True,False,False,False,excluded_low_validity,True,restored_city_retention_guard
DE13_r004_c007,DE13,Hanover,train,4,7,1024,1792,256,256,256,256,0,0.0,32751,0.4997406005859375,32785,0,11447,6701,13016,386,1201,True,True,True,True,True,552749.8579044101,5805300.337683735,555309.8579044101,5807860.337683735,EPSG:32632,data\processed\tiles\train\DE13_Hanover\images\DE13_r004_c007_image.tif,data\processed\tiles\train\DE13_Hanover\semantic_masks\DE13_r004_c007_semantic.tif,data\processed\tiles\train\DE13_Hanover\validity_masks\DE13_r004_c007_validity.tif,14707004ce33fed9bf1da477866d03efeb1980b0b93a10ec4d2788143c3d4746,a5c5e4a7fb12d3c1eb6a4e4b5e5511f71eb5285432e10de920a00ad31c13ab33,0b29b049f507bab4521aabf688d01831f903a06759db487d242e46e576034399,PASS,metadata\tile_manifests\DE13_tile_manifest.csv,metadata\tile_qa\DE13_tile_qa.json,65536,32785,0.5002593994140625,0.3495160453115935,0.2046044395590974,0.3974229794510091,0.0117858996671857,0.0366706360111141,32751,0,False,False,True,True,True,False,False,3,True,False,True,True,False,False,True,3,True,True,False,False,False,excluded_low_validity,True,restored_city_retention_guard
DE14_r003_c004,DE14,Berlin,train,3,4,768,1024,256,256,256,256,0,0.0,29904,0.456298828125,35632,0,12338,6860,9734,361,611,True,True,True,True,True,387019.25925275,5824832.1592110265,389579.25925275,5827392.1592110265,EPSG:32633,data\processed\tiles\train\DE14_Berlin\images\DE14_r003_c004_image.tif,data\processed\tiles\train\DE14_Berlin\semantic_masks\DE14_r003_c004_semantic.tif,data\processed\tiles\train\DE14_Berlin\validity_masks\DE14_r003_c004_validity.tif,c360bb2d81f3e8c0a87454b09dafe87202b84f181fab742d7bd009252280e290,d7c34038af32dd49ef6b4fb0a62340b815956016bce69b8134a8d36e1eaa1d3b,45bee866712aacd4392467dd0473d9d8f436dc0cb6655bb9eec24665863c0038,PASS,metadata\tile_manifests\DE14_tile_manifest.csv,metadata\tile_qa\DE14_tile_qa.json,65536,35632,0.543701171875,0.4125869448903156,0.2294007490636704,0.3255082932049224,0.0120719636169074,0.020432049224184,29904,0,False,False,True,True,True,False,False,3,True,False,True,True,False,False,True,3,True,True,False,False,False,excluded_low_validity,True,restored_city_retention_guard
DE14_r003_c005,DE14,Berlin,train,3,5,768,1280,256,256,256,256,0,0.0,32576,0.4970703125,32960,0,10934,6229,14641,465,307,True,True,True,True,True,389579.25925275,5824832.1592110265,392139.25925275,5827392.1592110265,EPSG:32633,data\processed\tiles\train\DE14_Berlin\images\DE14_r003_c005_image.tif,data\processed\tiles\train\DE14_Berlin\semantic_masks\DE14_r003_c005_semantic.tif,data\processed\tiles\train\DE14_Berlin\validity_masks\DE14_r003_c005_validity.tif,5fb0ffd6a7982762ba4772b4444603004aeaab1e81369714fedb13b724e5b673,0a4fa0ab2bf8334b910c53422f5f19dd317211a7853c60809d50be4e6df1c82b,9710e5a1a946df85dcece05363af41f1f7b8e45683f2ec016bb9b7e87775ecd4,PASS,metadata\tile_manifests\DE14_tile_manifest.csv,metadata\tile_qa\DE14_tile_qa.json,65536,32960,0.5029296875,0.3356458742632613,0.1912143909626719,0.4494413064833006,0.0142743123772102,0.0094241159135559,32576,0,False,False,True,True,True,False,False,3,True,False,True,True,False,False,True,3,True,True,False,False,False,excluded_low_validity,True,restored_city_retention_guard
DE14_r004_c008,DE14,Berlin,train,4,8,1024,2048,256,256,256,256,0,0.0,31411,0.4792938232421875,34125,0,10122,7030,12437,1190,632,True,True,True,True,True,397259.25925275,5822272.1592110265,399819.25925275,5824832.1592110265,EPSG:32633,data\processed\tiles\train\DE14_Berlin\images\DE14_r004_c008_image.tif,data\processed\tiles\train\DE14_Berlin\semantic_masks\DE14_r004_c008_semantic.tif,data\processed\tiles\train\DE14_Berlin\validity_masks\DE14_r004_c008_validity.tif,3b5cc07c59e5df1638ab0b4a0f09f75a0ebcf6898a44963441db865554affe7d,777c144328533dc30ea462dc8e89e803b3491f76449862cd62893979b3c65336,fe1d2b9b47251c257cc500be216bb11b6fed988a373ef43a6474452619ca0df3,PASS,metadata\tile_manifests\DE14_tile_manifest.csv,metadata\tile_qa\DE14_tile_qa.json,65536,34125,0.5207061767578125,0.3222437999426952,0.2238069466110598,0.3959440960173188,0.0378848174206488,0.0201203400082773,31411,0,False,False,True,True,True,False,False,3,True,False,True,True,False,False,True,3,True,True,False,False,False,excluded_low_validity,True,restored_city_retention_guard
DE14_r005_c009,DE14,Berlin,train,5,9,1280,2304,256,256,256,256,0,0.0,31730,0.484161376953125,33806,0,9018,7837,12425,1848,602,True,True,True,True,True,399819.25925275,5819712.1592110265,402379.25925275,5822272.1592110265,EPSG:32633,data\processed\tiles\train\DE14_Berlin\images\DE14_r005_c009_image.tif,data\processed\tiles\train\DE14_Berlin\semantic_masks\DE14_r005_c009_semantic.tif,data\processed\tiles\train\DE14_Berlin\validity_masks\DE14_r005_c009_validity.tif,56437b12b545b821062893943f9eba04304a1a32be96dbe443e8451128bbf400,026b79dc219e0f2562420252618b945e6185ec0bea3e610aa9ccf3f7d9fea5f1,b474fd2850db8fe6ef564e1bd415495eed3564d5df22c459f99d852d725e9d27,PASS,metadata\tile_manifests\DE14_tile_manifest.csv,metadata\tile_qa\DE14_tile_qa.json,65536,33806,0.515838623046875,0.2842105263157894,0.2469902300661834,0.3915852505515285,0.058241411913016,0.0189725811534825,31730,0,False,False,True,True,True,True,False,4,True,False,True,True,True,False,True,4,True,True,False,False,False,excluded_low_validity,True,restored_city_retention_guard
DE14_r006_c002,DE14,Berlin,train,6,2,1536,512,256,256,256,256,0,0.0,30864,0.470947265625,34672,0,13648,8649,7097,245,1225,True,True,True,True,True,381899.25925275,5817152.1592110265,384459.25925275,5819712.1592110265,EPSG:32633,data\processed\tiles\train\DE14_Berlin\images\DE14_r006_c002_image.tif,data\processed\tiles\train\DE14_Berlin\semantic_masks\DE14_r006_c002_semantic.tif,data\processed\tiles\train\DE14_Berlin\validity_masks\DE14_r006_c002_validity.tif,8e1f8bdaf246d34bc4d69e7e4536cdb1179227dc43ca790561cf5368ab70ea32,fa57416b433785659cfbd0a9fb8909faa6bbf336daa73b0f063e225e7368d824,0ccf92c7e1c645a9fb19b655d7d4ac164656655b2dcef8c2bcb24fc6cb030ae9,PASS,metadata\tile_manifests\DE14_tile_manifest.csv,metadata\tile_qa\DE14_tile_qa.json,65536,34672,0.529052734375,0.4421980300673924,0.2802293934681182,0.2299442716433385,0.0079380508035251,0.0396902540176257,30864,0,False,False,True,True,True,False,False,3,True,False,True,True,False,False,True,3,True,True,False,False,False,excluded_low_validity,True,restored_city_retention_guard
DE14_r006_c008,DE14,Berlin,train,6,8,1536,2048,256,256,256,256,0,0.0,30896,0.471435546875,34640,0,11369,7559,10557,1394,17,True,True,True,True,True,397259.25925275,5817152.1592110265,399819.25925275,5819712.1592110265,EPSG:32633,data\processed\tiles\train\DE14_Berlin\images\DE14_r006_c008_image.tif,data\processed\tiles\train\DE14_Berlin\semantic_masks\DE14_r006_c008_semantic.tif,data\processed\tiles\train\DE14_Berlin\validity_masks\DE14_r006_c008_validity.tif,fe0386e744020bf14b4afed7c42bcea3d185f832505d89ea2f8a84e5b7bee3f3,10853b155c80a36fb1583367ca8e76a3ee44a081b8e373739ff0920393fbaada,68b914fecf4e2f927fb052525ef417796b6af2f2f18397bf3c958f6d2b8ba49d,PASS,metadata\tile_manifests\DE14_tile_manifest.csv,metadata\tile_qa\DE14_tile_qa.json,65536,34640,0.528564453125,0.3679764370792335,0.2446595028482651,0.3416947177628172,0.0451191092698083,0.0005502330398757,30896,0,False,False,True,True,True,False,False,3,True,False,True,True,False,False,True,3,True,True,False,False,False,excluded_low_validity,True,restored_city_retention_guard
DE14_r009_c004,DE14,Berlin,train,9,4,2304,1024,256,256,256,256,0,0.0,31071,0.4741058349609375,34465,0,11980,7582,8668,1904,937,True,True,True,True,True,387019.25925275,5809472.1592110265,389579.25925275,5812032.1592110265,EPSG:32633,data\processed\tiles\train\DE14_Berlin\images\DE14_r009_c004_image.tif,data\processed\tiles\train\DE14_Berlin\semantic_masks\DE14_r009_c004_semantic.tif,data\processed\tiles\train\DE14_Berlin\validity_masks\DE14_r009_c004_validity.tif,a40bb3932c7f81fd6e024adf4d5047015483dd7e627c0541df89fee6cff58795,41eed7a9ea76c86d49060ba9b8dca65183481f677486c6e39b9b51d8f1e5afdd,a7d9c28bc1c75793d5a899f500750b7b1e900e04e43cf68dee6c26c98760bdbb,PASS,metadata\tile_manifests\DE14_tile_manifest.csv,metadata\tile_qa\DE14_tile_qa.json,65536,34465,0.5258941650390625,0.385568536577516,0.2440217566219304,0.2789739628592578,0.0612790061472112,0.0301567377940845,31071,0,False,False,True,True,True,True,False,4,True,False,True,True,True,False,True,4,True,True,False,False,False,excluded_low_validity,True,restored_city_retention_guard
DE14_r009_c007,DE14,Berlin,train,9,7,2304,1792,256,256,256,256,0,0.0,32512,0.49609375,33024,0,10243,7308,13917,267,777,True,True,True,True,True,394699.25925275,5809472.1592110265,397259.25925275,5812032.1592110265,EPSG:32633,data\processed\tiles\train\DE14_Berlin\images\DE14_r009_c007_image.tif,data\processed\tiles\train\DE14_Berlin\semantic_masks\DE14_r009_c007_semantic.tif,data\processed\tiles\train\DE14_Berlin\validity_masks\DE14_r009_c007_validity.tif,050308fb3e1231df38bec532c90d7985f3c04352ad6932def38ac06a21fc0d58,84a6cb15b6a556a39ef73f5c83072036ba733893a310156aadc1838d02c092c2,5b83b493107ad02fe1a503d6fda898f1b655e72c1042320efecc0568874bf673,PASS,metadata\tile_manifests\DE14_tile_manifest.csv,metadata\tile_qa\DE14_tile_qa.json,65536,33024,0.50390625,0.315052903543307,0.2247785433070866,0.4280573326771653,0.0082123523622047,0.0238988681102362,32512,0,False,False,True,True,True,False,False,3,True,False,True,True,False,False,True,3,True,True,False,False,False,excluded_low_validity,True,restored_city_retention_guard
DE14_r010_c008,DE14,Berlin,train,10,8,2560,2048,256,256,256,256,0,0.0,31953,0.4875640869140625,33583,0,8306,6407,16504,246,490,True,True,True,True,True,397259.25925275,5806912.1592110265,399819.25925275,5809472.1592110265,EPSG:32633,data\processed\tiles\train\DE14_Berlin\images\DE14_r010_c008_image.tif,data\processed\tiles\train\DE14_Berlin\semantic_masks\DE14_r010_c008_semantic.tif,data\processed\tiles\train\DE14_Berlin\validity_masks\DE14_r010_c008_validity.tif,0be69e13e5e696c9baca9cbe373c7779c605d303a1d9f1d01b1a3e4d12e04fe5,81ac3ba590a560eb9eedd5198fcc96ca1092007864d1a2f5afda05d0efbb14b2,7314718278352e81f28d5716ebd74aa31d2d1754c5bb4b15ca5c5a5347941fdf,PASS,metadata\tile_manifests\DE14_tile_manifest.csv,metadata\tile_qa\DE14_tile_qa.json,65536,33583,0.5124359130859375,0.259944293180609,0.2005132538415798,0.5165086220386192,0.0076988076236973,0.0153350233154946,31953,0,False,False,True,True,True,False,False,3,True,False,True,True,False,False,True,3,True,True,False,False,False,excluded_low_validity,True,restored_city_retention_guard
