city_id,city_name,split,osm_bare,dw_bare,ua_bare,accepted_ua_code,pixel_count,fraction_city_pixels,total_pixels,current_v3_pixels,current_v3_fraction,tier1_ua_dw_pixels,tier1_ua_dw_fraction,tier2_osm_dw_pixels,tier2_osm_dw_fraction,proposed_union_pixels,proposed_union_fraction,proposed_new_pixels,proposed_new_fraction,proposed_conflict_with_osm_building_road_water_pixels,proposed_conflict_with_osm_building_road_water_fraction,record_type
DE01,Mannheim,train,0,0,1,1,22182,0.0024646666666666667,,,,,,,,,,,,,,
DE01,Mannheim,train,0,1,0,0,249,2.7666666666666667e-05,,,,,,,,,,,,,,
DE01,Mannheim,train,1,0,0,0,43024,0.004780444444444445,,,,,,,,,,,,,,
DE01,Mannheim,train,1,0,1,1,19147,0.0021274444444444444,,,,,,,,,,,,,,
DE01,Mannheim,train,1,1,0,0,7,7.777777777777778e-07,,,,,,,,,,,,,,
DE01,Mannheim,train,,,,,,,9000000,19147,0.0021274444444444444,0,0.0,7,7.777777777777778e-07,19154,0.0021282222222222223,7,7.777777777777778e-07,0,0.0,tier_summary
DE02,Heidelberg,train,0,0,1,1,7095,0.0007883333333333334,,,,,,,,,,,,,,
DE02,Heidelberg,train,1,0,0,0,37226,0.0041362222222222226,,,,,,,,,,,,,,
DE02,Heidelberg,train,1,0,1,1,12860,0.0014288888888888888,,,,,,,,,,,,,,
DE02,Heidelberg,train,1,1,1,1,201,2.2333333333333332e-05,,,,,,,,,,,,,,
DE02,Heidelberg,train,,,,,,,9000000,13061,0.0014512222222222222,201,2.2333333333333332e-05,201,2.2333333333333332e-05,13061,0.0014512222222222222,0,0.0,0,0.0,tier_summary
DE03,Karlsruhe,train,0,0,1,1,25051,0.0027834444444444443,,,,,,,,,,,,,,
DE03,Karlsruhe,train,0,1,1,1,1,1.1111111111111111e-07,,,,,,,,,,,,,,
DE03,Karlsruhe,train,1,0,0,0,28059,0.0031176666666666666,,,,,,,,,,,,,,
DE03,Karlsruhe,train,1,0,1,1,10953,0.001217,,,,,,,,,,,,,,
DE03,Karlsruhe,train,1,1,1,1,9,1e-06,,,,,,,,,,,,,,
DE03,Karlsruhe,train,,,,,,,9000000,10962,0.001218,10,1.111111111111111e-06,9,1e-06,10963,0.0012181111111111112,1,1.1111111111111111e-07,1,1.1111111111111111e-07,tier_summary
DE04,Stuttgart,train,0,0,1,1,23941,0.002660111111111111,,,,,,,,,,,,,,
DE04,Stuttgart,train,1,0,0,0,38630,0.0042922222222222224,,,,,,,,,,,,,,
DE04,Stuttgart,train,1,0,1,1,13160,0.0014622222222222222,,,,,,,,,,,,,,
DE04,Stuttgart,train,,,,,,,9000000,13160,0.0014622222222222222,0,0.0,0,0.0,13160,0.0014622222222222222,0,0.0,0,0.0,tier_summary
DE05,Munich,train,0,0,1,1,53308,0.005923111111111111,,,,,,,,,,,,,,
DE05,Munich,train,1,0,0,0,59470,0.0066077777777777775,,,,,,,,,,,,,,
DE05,Munich,train,1,0,1,1,37789,0.004198777777777778,,,,,,,,,,,,,,
DE05,Munich,train,1,1,0,0,2,2.2222222222222222e-07,,,,,,,,,,,,,,
DE05,Munich,train,1,1,1,1,69,7.666666666666667e-06,,,,,,,,,,,,,,
DE05,Munich,train,,,,,,,9000000,37858,0.004206444444444444,69,7.666666666666667e-06,71,7.88888888888889e-06,37860,0.004206666666666667,2,2.2222222222222222e-07,0,0.0,tier_summary
DE06,Nuremberg,train,0,0,1,1,21054,0.0023393333333333335,,,,,,,,,,,,,,
DE06,Nuremberg,train,1,0,0,0,31913,0.003545888888888889,,,,,,,,,,,,,,
DE06,Nuremberg,train,1,0,1,1,18994,0.0021104444444444443,,,,,,,,,,,,,,
DE06,Nuremberg,train,1,1,0,0,129,1.4333333333333334e-05,,,,,,,,,,,,,,
DE06,Nuremberg,train,,,,,,,9000000,18994,0.0021104444444444443,0,0.0,129,1.4333333333333334e-05,19123,0.002124777777777778,129,1.4333333333333334e-05,0,0.0,tier_summary
DE07,Frankfurt,train,0,0,1,1,24866,0.002762888888888889,,,,,,,,,,,,,,
DE07,Frankfurt,train,0,1,0,0,4,4.4444444444444444e-07,,,,,,,,,,,,,,
DE07,Frankfurt,train,1,0,0,0,55433,0.006159222222222222,,,,,,,,,,,,,,
DE07,Frankfurt,train,1,0,1,1,11140,0.0012377777777777777,,,,,,,,,,,,,,
DE07,Frankfurt,train,1,1,0,0,66,7.333333333333333e-06,,,,,,,,,,,,,,
DE07,Frankfurt,train,1,1,1,1,13,1.4444444444444445e-06,,,,,,,,,,,,,,
DE07,Frankfurt,train,,,,,,,9000000,11153,0.0012392222222222223,13,1.4444444444444445e-06,79,8.777777777777778e-06,11219,0.0012465555555555557,66,7.333333333333333e-06,0,0.0,tier_summary
DE08,Cologne,train,0,0,1,1,39948,0.004438666666666666,,,,,,,,,,,,,,
DE08,Cologne,train,0,1,0,0,8,8.888888888888889e-07,,,,,,,,,,,,,,
DE08,Cologne,train,1,0,0,0,53384,0.005931555555555555,,,,,,,,,,,,,,
DE08,Cologne,train,1,0,1,1,65966,0.007329555555555555,,,,,,,,,,,,,,
DE08,Cologne,train,1,1,0,0,7,7.777777777777778e-07,,,,,,,,,,,,,,
DE08,Cologne,train,1,1,1,1,121,1.3444444444444445e-05,,,,,,,,,,,,,,
DE08,Cologne,train,,,,,,,9000000,66087,0.007343,121,1.3444444444444445e-05,128,1.4222222222222222e-05,66094,0.007343777777777778,7,7.777777777777778e-07,0,0.0,tier_summary
DE09,Dusseldorf,train,0,0,1,1,29386,0.003265111111111111,,,,,,,,,,,,,,
DE09,Dusseldorf,train,0,1,0,0,111,1.2333333333333333e-05,,,,,,,,,,,,,,
DE09,Dusseldorf,train,1,0,0,0,54483,0.006053666666666666,,,,,,,,,,,,,,
DE09,Dusseldorf,train,1,0,1,1,17137,0.0019041111111111112,,,,,,,,,,,,,,
DE09,Dusseldorf,train,1,1,0,0,23,2.5555555555555557e-06,,,,,,,,,,,,,,
DE09,Dusseldorf,train,1,1,1,1,55,6.111111111111111e-06,,,,,,,,,,,,,,
DE09,Dusseldorf,train,,,,,,,9000000,17192,0.0019102222222222222,55,6.111111111111111e-06,78,8.666666666666666e-06,17215,0.0019127777777777778,23,2.5555555555555557e-06,0,0.0,tier_summary
DE10,Dortmund,train,0,0,1,1,36930,0.004103333333333333,,,,,,,,,,,,,,
DE10,Dortmund,train,0,1,0,0,1,1.1111111111111111e-07,,,,,,,,,,,,,,
DE10,Dortmund,train,1,0,0,0,55997,0.006221888888888889,,,,,,,,,,,,,,
DE10,Dortmund,train,1,0,1,1,36767,0.004085222222222222,,,,,,,,,,,,,,
DE10,Dortmund,train,1,1,0,0,272,3.022222222222222e-05,,,,,,,,,,,,,,
DE10,Dortmund,train,,,,,,,9000000,36767,0.004085222222222222,0,0.0,272,3.022222222222222e-05,37039,0.004115444444444444,272,3.022222222222222e-05,0,0.0,tier_summary
DE11,Hamburg,train,0,0,1,1,37438,0.004159777777777778,,,,,,,,,,,,,,
DE11,Hamburg,train,0,1,0,0,11,1.2222222222222221e-06,,,,,,,,,,,,,,
DE11,Hamburg,train,1,0,0,0,62414,0.006934888888888889,,,,,,,,,,,,,,
DE11,Hamburg,train,1,0,1,1,35529,0.003947666666666667,,,,,,,,,,,,,,
DE11,Hamburg,train,1,1,0,0,49,5.444444444444445e-06,,,,,,,,,,,,,,
DE11,Hamburg,train,,,,,,,9000000,35529,0.003947666666666667,0,0.0,49,5.444444444444445e-06,35578,0.003953111111111111,49,5.444444444444445e-06,0,0.0,tier_summary
DE12,Bremen,train,0,0,1,1,16829,0.0018698888888888888,,,,,,,,,,,,,,
DE12,Bremen,train,1,0,0,0,45900,0.0051,,,,,,,,,,,,,,
DE12,Bremen,train,1,0,1,1,12528,0.001392,,,,,,,,,,,,,,
DE12,Bremen,train,,,,,,,9000000,12528,0.001392,0,0.0,0,0.0,12528,0.001392,0,0.0,0,0.0,tier_summary
DE13,Hanover,train,0,0,1,1,28994,0.0032215555555555556,,,,,,,,,,,,,,
DE13,Hanover,train,1,0,0,0,53669,0.005963222222222222,,,,,,,,,,,,,,
DE13,Hanover,train,1,0,1,1,34381,0.003820111111111111,,,,,,,,,,,,,,
DE13,Hanover,train,,,,,,,9000000,34381,0.003820111111111111,0,0.0,0,0.0,34381,0.003820111111111111,0,0.0,0,0.0,tier_summary
DE14,Berlin,train,0,0,1,1,22289,0.0024765555555555556,,,,,,,,,,,,,,
DE14,Berlin,train,0,1,0,0,3,3.3333333333333335e-07,,,,,,,,,,,,,,
DE14,Berlin,train,1,0,0,0,104814,0.011646,,,,,,,,,,,,,,
DE14,Berlin,train,1,0,1,1,10137,0.0011263333333333334,,,,,,,,,,,,,,
DE14,Berlin,train,1,1,0,0,1,1.1111111111111111e-07,,,,,,,,,,,,,,
DE14,Berlin,train,,,,,,,9000000,10137,0.0011263333333333334,0,0.0,1,1.1111111111111111e-07,10138,0.0011264444444444445,1,1.1111111111111111e-07,0,0.0,tier_summary
DE15,Leipzig,val,0,0,1,1,63137,0.007015222222222222,,,,,,,,,,,,,,
DE15,Leipzig,val,0,1,1,1,2,2.2222222222222222e-07,,,,,,,,,,,,,,
DE15,Leipzig,val,1,0,0,0,40110,0.004456666666666667,,,,,,,,,,,,,,
DE15,Leipzig,val,1,0,1,1,32637,0.0036263333333333334,,,,,,,,,,,,,,
DE15,Leipzig,val,,,,,,,9000000,32637,0.0036263333333333334,2,2.2222222222222222e-07,0,0.0,32639,0.0036265555555555556,2,2.2222222222222222e-07,0,0.0,tier_summary
DE16,Dresden,val,0,0,1,1,30420,0.00338,,,,,,,,,,,,,,
DE16,Dresden,val,1,0,0,0,34978,0.0038864444444444445,,,,,,,,,,,,,,
DE16,Dresden,val,1,0,1,1,18427,0.0020474444444444446,,,,,,,,,,,,,,
DE16,Dresden,val,1,1,1,1,3,3.3333333333333335e-07,,,,,,,,,,,,,,
DE16,Dresden,val,,,,,,,9000000,18430,0.0020477777777777777,3,3.3333333333333335e-07,3,3.3333333333333335e-07,18430,0.0020477777777777777,0,0.0,0,0.0,tier_summary
DE17,Munster,val,0,0,1,1,8517,0.0009463333333333333,,,,,,,,,,,,,,
DE17,Munster,val,1,0,0,0,28690,0.0031877777777777777,,,,,,,,,,,,,,
DE17,Munster,val,1,0,1,1,7332,0.0008146666666666667,,,,,,,,,,,,,,
DE17,Munster,val,,,,,,,9000000,7332,0.0008146666666666667,0,0.0,0,0.0,7332,0.0008146666666666667,0,0.0,0,0.0,tier_summary
