split,class_name,minimum_valid_fraction_source_pixels,maximum_padding_fraction,minimum_class_fraction_valid,split_candidate_tiles,coverage_eligible_tiles,qualifying_tiles,qualifying_fraction_of_coverage_eligible,qualifying_city_count
train,buildings,0.25,0.25,0.0,2016,1679,1679,1.0,14
train,buildings,0.25,0.25,0.001,2016,1679,1626,0.9684335914234663,14
train,buildings,0.25,0.25,0.0025,2016,1679,1605,0.9559261465157832,14
train,buildings,0.25,0.25,0.005,2016,1679,1580,0.9410363311494937,14
train,buildings,0.25,0.25,0.01,2016,1679,1500,0.8933889219773675,14
train,buildings,0.25,0.25,0.02,2016,1679,1374,0.8183442525312686,14
train,buildings,0.25,0.25,0.05,2016,1679,1083,0.6450268016676594,14
train,buildings,0.25,0.25,0.1,2016,1679,773,0.46039309112567006,14
train,roads,0.25,0.25,0.0,2016,1679,1679,1.0,14
train,roads,0.25,0.25,0.001,2016,1679,1657,0.9868969624776652,14
train,roads,0.25,0.25,0.0025,2016,1679,1636,0.9743895175699822,14
train,roads,0.25,0.25,0.005,2016,1679,1606,0.9565217391304348,14
train,roads,0.25,0.25,0.01,2016,1679,1518,0.9041095890410958,14
train,roads,0.25,0.25,0.02,2016,1679,1316,0.7837998808814771,14
train,roads,0.25,0.25,0.05,2016,1679,800,0.47647409172126265,14
train,roads,0.25,0.25,0.1,2016,1679,391,0.2328767123287671,14
train,vegetation,0.25,0.25,0.0,2016,1679,1679,1.0,14
train,vegetation,0.25,0.25,0.001,2016,1679,1678,0.9994044073853484,14
train,vegetation,0.25,0.25,0.0025,2016,1679,1678,0.9994044073853484,14
train,vegetation,0.25,0.25,0.005,2016,1679,1677,0.9988088147706968,14
train,vegetation,0.25,0.25,0.01,2016,1679,1676,0.9982132221560452,14
train,vegetation,0.25,0.25,0.02,2016,1679,1674,0.9970220369267421,14
train,vegetation,0.25,0.25,0.05,2016,1679,1664,0.9910661107802263,14
train,vegetation,0.25,0.25,0.1,2016,1679,1637,0.9749851101846337,14
train,bare_land,0.25,0.25,0.0,2016,1679,1679,1.0,14
train,bare_land,0.25,0.25,0.001,2016,1679,228,0.13579511614055986,14
train,bare_land,0.25,0.25,0.0025,2016,1679,199,0.11852293031566409,14
train,bare_land,0.25,0.25,0.005,2016,1679,156,0.09291244788564622,14
train,bare_land,0.25,0.25,0.01,2016,1679,124,0.07385348421679572,14
train,bare_land,0.25,0.25,0.02,2016,1679,81,0.048243001786777845,14
train,bare_land,0.25,0.25,0.05,2016,1679,35,0.02084574151280524,12
train,bare_land,0.25,0.25,0.1,2016,1679,12,0.00714711137581894,6
train,water,0.25,0.25,0.0,2016,1679,1679,1.0,14
train,water,0.25,0.25,0.001,2016,1679,940,0.5598570577724836,14
train,water,0.25,0.25,0.0025,2016,1679,879,0.5235259082787374,14
train,water,0.25,0.25,0.005,2016,1679,784,0.4669446098868374,14
train,water,0.25,0.25,0.01,2016,1679,662,0.39428231089934485,14
train,water,0.25,0.25,0.02,2016,1679,550,0.3275759380583681,14
train,water,0.25,0.25,0.05,2016,1679,339,0.20190589636688505,14
train,water,0.25,0.25,0.1,2016,1679,203,0.1209053007742704,13
train,buildings,0.4,0.25,0.0,2016,1476,1476,1.0,14
train,buildings,0.4,0.25,0.001,2016,1476,1423,0.9640921409214093,14
train,buildings,0.4,0.25,0.0025,2016,1476,1402,0.9498644986449865,14
train,buildings,0.4,0.25,0.005,2016,1476,1377,0.9329268292682927,14
train,buildings,0.4,0.25,0.01,2016,1476,1297,0.8787262872628726,14
train,buildings,0.4,0.25,0.02,2016,1476,1171,0.7933604336043361,14
train,buildings,0.4,0.25,0.05,2016,1476,883,0.5982384823848238,14
train,buildings,0.4,0.25,0.1,2016,1476,577,0.39092140921409213,14
train,roads,0.4,0.25,0.0,2016,1476,1476,1.0,14
train,roads,0.4,0.25,0.001,2016,1476,1454,0.9850948509485095,14
train,roads,0.4,0.25,0.0025,2016,1476,1433,0.9708672086720868,14
train,roads,0.4,0.25,0.005,2016,1476,1403,0.9505420054200542,14
train,roads,0.4,0.25,0.01,2016,1476,1316,0.8915989159891599,14
train,roads,0.4,0.25,0.02,2016,1476,1115,0.755420054200542,14
train,roads,0.4,0.25,0.05,2016,1476,602,0.4078590785907859,14
train,roads,0.4,0.25,0.1,2016,1476,214,0.14498644986449866,14
train,vegetation,0.4,0.25,0.0,2016,1476,1476,1.0,14
train,vegetation,0.4,0.25,0.001,2016,1476,1476,1.0,14
train,vegetation,0.4,0.25,0.0025,2016,1476,1476,1.0,14
train,vegetation,0.4,0.25,0.005,2016,1476,1476,1.0,14
train,vegetation,0.4,0.25,0.01,2016,1476,1476,1.0,14
train,vegetation,0.4,0.25,0.02,2016,1476,1475,0.9993224932249323,14
train,vegetation,0.4,0.25,0.05,2016,1476,1470,0.9959349593495935,14
train,vegetation,0.4,0.25,0.1,2016,1476,1459,0.9884823848238482,14
train,bare_land,0.4,0.25,0.0,2016,1476,1476,1.0,14
train,bare_land,0.4,0.25,0.001,2016,1476,211,0.1429539295392954,14
train,bare_land,0.4,0.25,0.0025,2016,1476,185,0.12533875338753386,14
train,bare_land,0.4,0.25,0.005,2016,1476,146,0.0989159891598916,14
train,bare_land,0.4,0.25,0.01,2016,1476,116,0.07859078590785908,14
train,bare_land,0.4,0.25,0.02,2016,1476,77,0.0521680216802168,14
train,bare_land,0.4,0.25,0.05,2016,1476,33,0.022357723577235773,12
train,bare_land,0.4,0.25,0.1,2016,1476,12,0.008130081300813009,6
train,water,0.4,0.25,0.0,2016,1476,1476,1.0,14
train,water,0.4,0.25,0.001,2016,1476,808,0.5474254742547425,14
train,water,0.4,0.25,0.0025,2016,1476,749,0.5074525745257452,14
train,water,0.4,0.25,0.005,2016,1476,659,0.4464769647696477,14
train,water,0.4,0.25,0.01,2016,1476,559,0.3787262872628726,14
train,water,0.4,0.25,0.02,2016,1476,462,0.3130081300813008,14
train,water,0.4,0.25,0.05,2016,1476,290,0.19647696476964768,14
train,water,0.4,0.25,0.1,2016,1476,180,0.12195121951219512,13
train,buildings,0.5,0.25,0.0,2016,1239,1239,1.0,14
train,buildings,0.5,0.25,0.001,2016,1239,1187,0.9580306698950767,14
train,buildings,0.5,0.25,0.0025,2016,1239,1167,0.9418886198547215,14
train,buildings,0.5,0.25,0.005,2016,1239,1142,0.9217110573042776,14
train,buildings,0.5,0.25,0.01,2016,1239,1063,0.8579499596448749,14
train,buildings,0.5,0.25,0.02,2016,1239,938,0.7570621468926554,14
train,buildings,0.5,0.25,0.05,2016,1239,655,0.5286521388216303,14
train,buildings,0.5,0.25,0.1,2016,1239,357,0.288135593220339,14
train,roads,0.5,0.25,0.0,2016,1239,1239,1.0,14
train,roads,0.5,0.25,0.001,2016,1239,1217,0.9822437449556094,14
train,roads,0.5,0.25,0.0025,2016,1239,1197,0.9661016949152542,14
train,roads,0.5,0.25,0.005,2016,1239,1167,0.9418886198547215,14
train,roads,0.5,0.25,0.01,2016,1239,1081,0.8724778046811945,14
train,roads,0.5,0.25,0.02,2016,1239,883,0.7126715092816788,14
train,roads,0.5,0.25,0.05,2016,1239,381,0.3075060532687651,14
train,roads,0.5,0.25,0.1,2016,1239,43,0.03470540758676352,13
train,vegetation,0.5,0.25,0.0,2016,1239,1239,1.0,14
train,vegetation,0.5,0.25,0.001,2016,1239,1239,1.0,14
train,vegetation,0.5,0.25,0.0025,2016,1239,1239,1.0,14
train,vegetation,0.5,0.25,0.005,2016,1239,1239,1.0,14
train,vegetation,0.5,0.25,0.01,2016,1239,1239,1.0,14
train,vegetation,0.5,0.25,0.02,2016,1239,1238,0.9991928974979822,14
train,vegetation,0.5,0.25,0.05,2016,1239,1237,0.9983857949959645,14
train,vegetation,0.5,0.25,0.1,2016,1239,1233,0.9951573849878934,14
train,bare_land,0.5,0.25,0.0,2016,1239,1239,1.0,14
train,bare_land,0.5,0.25,0.001,2016,1239,180,0.14527845036319612,14
train,bare_land,0.5,0.25,0.0025,2016,1239,156,0.12590799031476999,14
train,bare_land,0.5,0.25,0.005,2016,1239,125,0.10088781275221953,14
train,bare_land,0.5,0.25,0.01,2016,1239,101,0.08151735270379339,14
train,bare_land,0.5,0.25,0.02,2016,1239,67,0.05407586763518967,13
train,bare_land,0.5,0.25,0.05,2016,1239,26,0.020984665052461663,10
train,bare_land,0.5,0.25,0.1,2016,1239,9,0.007263922518159807,5
train,water,0.5,0.25,0.0,2016,1239,1239,1.0,14
train,water,0.5,0.25,0.001,2016,1239,637,0.5141242937853108,14
train,water,0.5,0.25,0.0025,2016,1239,582,0.46973365617433416,14
train,water,0.5,0.25,0.005,2016,1239,510,0.4116222760290557,14
train,water,0.5,0.25,0.01,2016,1239,430,0.3470540758676352,14
train,water,0.5,0.25,0.02,2016,1239,349,0.28167877320419693,14
train,water,0.5,0.25,0.05,2016,1239,214,0.17271993543179984,14
train,water,0.5,0.25,0.1,2016,1239,128,0.1033091202582728,12
train,buildings,0.6,0.25,0.0,2016,1024,1024,1.0,14
train,buildings,0.6,0.25,0.001,2016,1024,973,0.9501953125,14
train,buildings,0.6,0.25,0.0025,2016,1024,953,0.9306640625,14
train,buildings,0.6,0.25,0.005,2016,1024,928,0.90625,14
train,buildings,0.6,0.25,0.01,2016,1024,850,0.830078125,14
train,buildings,0.6,0.25,0.02,2016,1024,725,0.7080078125,14
train,buildings,0.6,0.25,0.05,2016,1024,452,0.44140625,14
train,buildings,0.6,0.25,0.1,2016,1024,175,0.1708984375,14
train,roads,0.6,0.25,0.0,2016,1024,1024,1.0,14
train,roads,0.6,0.25,0.001,2016,1024,1003,0.9794921875,14
train,roads,0.6,0.25,0.0025,2016,1024,983,0.9599609375,14
train,roads,0.6,0.25,0.005,2016,1024,954,0.931640625,14
train,roads,0.6,0.25,0.01,2016,1024,870,0.849609375,14
train,roads,0.6,0.25,0.02,2016,1024,674,0.658203125,14
train,roads,0.6,0.25,0.05,2016,1024,208,0.203125,14
train,roads,0.6,0.25,0.1,2016,1024,2,0.001953125,2
train,vegetation,0.6,0.25,0.0,2016,1024,1024,1.0,14
train,vegetation,0.6,0.25,0.001,2016,1024,1024,1.0,14
train,vegetation,0.6,0.25,0.0025,2016,1024,1024,1.0,14
train,vegetation,0.6,0.25,0.005,2016,1024,1024,1.0,14
train,vegetation,0.6,0.25,0.01,2016,1024,1024,1.0,14
train,vegetation,0.6,0.25,0.02,2016,1024,1024,1.0,14
train,vegetation,0.6,0.25,0.05,2016,1024,1024,1.0,14
train,vegetation,0.6,0.25,0.1,2016,1024,1024,1.0,14
train,bare_land,0.6,0.25,0.0,2016,1024,1024,1.0,14
train,bare_land,0.6,0.25,0.001,2016,1024,145,0.1416015625,14
train,bare_land,0.6,0.25,0.0025,2016,1024,127,0.1240234375,14
train,bare_land,0.6,0.25,0.005,2016,1024,100,0.09765625,14
train,bare_land,0.6,0.25,0.01,2016,1024,79,0.0771484375,14
train,bare_land,0.6,0.25,0.02,2016,1024,52,0.05078125,13
train,bare_land,0.6,0.25,0.05,2016,1024,16,0.015625,10
train,bare_land,0.6,0.25,0.1,2016,1024,4,0.00390625,3
train,water,0.6,0.25,0.0,2016,1024,1024,1.0,14
train,water,0.6,0.25,0.001,2016,1024,491,0.4794921875,14
train,water,0.6,0.25,0.0025,2016,1024,444,0.43359375,14
train,water,0.6,0.25,0.005,2016,1024,390,0.380859375,14
train,water,0.6,0.25,0.01,2016,1024,321,0.3134765625,14
train,water,0.6,0.25,0.02,2016,1024,258,0.251953125,14
train,water,0.6,0.25,0.05,2016,1024,149,0.1455078125,14
train,water,0.6,0.25,0.1,2016,1024,84,0.08203125,12
train,buildings,0.7,0.25,0.0,2016,747,747,1.0,14
train,buildings,0.7,0.25,0.001,2016,747,697,0.9330655957161981,14
train,buildings,0.7,0.25,0.0025,2016,747,677,0.9062918340026773,14
train,buildings,0.7,0.25,0.005,2016,747,653,0.8741633199464525,14
train,buildings,0.7,0.25,0.01,2016,747,577,0.7724230254350736,14
train,buildings,0.7,0.25,0.02,2016,747,456,0.6104417670682731,14
train,buildings,0.7,0.25,0.05,2016,747,205,0.2744310575635877,14
train,buildings,0.7,0.25,0.1,2016,747,25,0.03346720214190094,9
train,roads,0.7,0.25,0.0,2016,747,747,1.0,14
train,roads,0.7,0.25,0.001,2016,747,726,0.9718875502008032,14
train,roads,0.7,0.25,0.0025,2016,747,706,0.9451137884872824,14
train,roads,0.7,0.25,0.005,2016,747,679,0.9089692101740294,14
train,roads,0.7,0.25,0.01,2016,747,597,0.7991967871485943,14
train,roads,0.7,0.25,0.02,2016,747,406,0.5435073627844712,14
train,roads,0.7,0.25,0.05,2016,747,45,0.060240963855421686,12
train,roads,0.7,0.25,0.1,2016,747,0,0.0,0
train,vegetation,0.7,0.25,0.0,2016,747,747,1.0,14
train,vegetation,0.7,0.25,0.001,2016,747,747,1.0,14
train,vegetation,0.7,0.25,0.0025,2016,747,747,1.0,14
train,vegetation,0.7,0.25,0.005,2016,747,747,1.0,14
train,vegetation,0.7,0.25,0.01,2016,747,747,1.0,14
train,vegetation,0.7,0.25,0.02,2016,747,747,1.0,14
train,vegetation,0.7,0.25,0.05,2016,747,747,1.0,14
train,vegetation,0.7,0.25,0.1,2016,747,747,1.0,14
train,bare_land,0.7,0.25,0.0,2016,747,747,1.0,14
train,bare_land,0.7,0.25,0.001,2016,747,106,0.14190093708165996,14
train,bare_land,0.7,0.25,0.0025,2016,747,92,0.12315930388219545,14
train,bare_land,0.7,0.25,0.005,2016,747,73,0.09772423025435073,14
train,bare_land,0.7,0.25,0.01,2016,747,57,0.07630522088353414,14
train,bare_land,0.7,0.25,0.02,2016,747,37,0.049531459170013385,13
train,bare_land,0.7,0.25,0.05,2016,747,10,0.013386880856760375,8
train,bare_land,0.7,0.25,0.1,2016,747,4,0.00535475234270415,3
train,water,0.7,0.25,0.0,2016,747,747,1.0,14
train,water,0.7,0.25,0.001,2016,747,340,0.45515394912985274,14
train,water,0.7,0.25,0.0025,2016,747,307,0.4109772423025435,14
train,water,0.7,0.25,0.005,2016,747,267,0.357429718875502,14
train,water,0.7,0.25,0.01,2016,747,216,0.2891566265060241,14
train,water,0.7,0.25,0.02,2016,747,175,0.23427041499330656,14
train,water,0.7,0.25,0.05,2016,747,99,0.13253012048192772,13
train,water,0.7,0.25,0.1,2016,747,59,0.07898259705488621,11
val,buildings,0.25,0.25,0.0,432,362,362,1.0,3
val,buildings,0.25,0.25,0.001,432,362,355,0.9806629834254144,3
val,buildings,0.25,0.25,0.0025,432,362,349,0.9640883977900553,3
val,buildings,0.25,0.25,0.005,432,362,333,0.919889502762431,3
val,buildings,0.25,0.25,0.01,432,362,267,0.7375690607734806,3
val,buildings,0.25,0.25,0.02,432,362,211,0.5828729281767956,3
val,buildings,0.25,0.25,0.05,432,362,131,0.36187845303867405,3
val,buildings,0.25,0.25,0.1,432,362,83,0.2292817679558011,3
val,roads,0.25,0.25,0.0,432,362,362,1.0,3
val,roads,0.25,0.25,0.001,432,362,359,0.9917127071823204,3
val,roads,0.25,0.25,0.0025,432,362,355,0.9806629834254144,3
val,roads,0.25,0.25,0.005,432,362,346,0.9558011049723757,3
val,roads,0.25,0.25,0.01,432,362,305,0.8425414364640884,3
val,roads,0.25,0.25,0.02,432,362,204,0.56353591160221,3
val,roads,0.25,0.25,0.05,432,362,92,0.2541436464088398,3
val,roads,0.25,0.25,0.1,432,362,41,0.1132596685082873,3
val,vegetation,0.25,0.25,0.0,432,362,362,1.0,3
val,vegetation,0.25,0.25,0.001,432,362,362,1.0,3
val,vegetation,0.25,0.25,0.0025,432,362,362,1.0,3
val,vegetation,0.25,0.25,0.005,432,362,362,1.0,3
val,vegetation,0.25,0.25,0.01,432,362,362,1.0,3
val,vegetation,0.25,0.25,0.02,432,362,362,1.0,3
val,vegetation,0.25,0.25,0.05,432,362,361,0.9972375690607734,3
val,vegetation,0.25,0.25,0.1,432,362,360,0.994475138121547,3
val,bare_land,0.25,0.25,0.0,432,362,362,1.0,3
val,bare_land,0.25,0.25,0.001,432,362,62,0.1712707182320442,3
val,bare_land,0.25,0.25,0.0025,432,362,56,0.15469613259668508,3
val,bare_land,0.25,0.25,0.005,432,362,45,0.12430939226519337,3
val,bare_land,0.25,0.25,0.01,432,362,34,0.09392265193370165,3
val,bare_land,0.25,0.25,0.02,432,362,21,0.058011049723756904,3
val,bare_land,0.25,0.25,0.05,432,362,5,0.013812154696132596,3
val,bare_land,0.25,0.25,0.1,432,362,1,0.0027624309392265192,1
val,water,0.25,0.25,0.0,432,362,362,1.0,3
val,water,0.25,0.25,0.001,432,362,173,0.47790055248618785,3
val,water,0.25,0.25,0.0025,432,362,146,0.40331491712707185,3
val,water,0.25,0.25,0.005,432,362,128,0.35359116022099446,3
val,water,0.25,0.25,0.01,432,362,100,0.27624309392265195,3
val,water,0.25,0.25,0.02,432,362,79,0.21823204419889503,3
val,water,0.25,0.25,0.05,432,362,52,0.143646408839779,3
val,water,0.25,0.25,0.1,432,362,33,0.09116022099447514,3
val,buildings,0.4,0.25,0.0,432,346,346,1.0,3
val,buildings,0.4,0.25,0.001,432,346,339,0.9797687861271677,3
val,buildings,0.4,0.25,0.0025,432,346,333,0.9624277456647399,3
val,buildings,0.4,0.25,0.005,432,346,317,0.9161849710982659,3
val,buildings,0.4,0.25,0.01,432,346,251,0.7254335260115607,3
val,buildings,0.4,0.25,0.02,432,346,195,0.5635838150289018,3
val,buildings,0.4,0.25,0.05,432,346,115,0.33236994219653176,3
val,buildings,0.4,0.25,0.1,432,346,67,0.1936416184971098,3
val,roads,0.4,0.25,0.0,432,346,346,1.0,3
val,roads,0.4,0.25,0.001,432,346,343,0.9913294797687862,3
val,roads,0.4,0.25,0.0025,432,346,339,0.9797687861271677,3
val,roads,0.4,0.25,0.005,432,346,330,0.953757225433526,3
val,roads,0.4,0.25,0.01,432,346,289,0.8352601156069365,3
val,roads,0.4,0.25,0.02,432,346,188,0.5433526011560693,3
val,roads,0.4,0.25,0.05,432,346,76,0.21965317919075145,3
val,roads,0.4,0.25,0.1,432,346,27,0.07803468208092486,3
val,vegetation,0.4,0.25,0.0,432,346,346,1.0,3
val,vegetation,0.4,0.25,0.001,432,346,346,1.0,3
val,vegetation,0.4,0.25,0.0025,432,346,346,1.0,3
val,vegetation,0.4,0.25,0.005,432,346,346,1.0,3
val,vegetation,0.4,0.25,0.01,432,346,346,1.0,3
val,vegetation,0.4,0.25,0.02,432,346,346,1.0,3
val,vegetation,0.4,0.25,0.05,432,346,346,1.0,3
val,vegetation,0.4,0.25,0.1,432,346,346,1.0,3
val,bare_land,0.4,0.25,0.0,432,346,346,1.0,3
val,bare_land,0.4,0.25,0.001,432,346,57,0.16473988439306358,3
val,bare_land,0.4,0.25,0.0025,432,346,51,0.14739884393063585,3
val,bare_land,0.4,0.25,0.005,432,346,42,0.12138728323699421,3
val,bare_land,0.4,0.25,0.01,432,346,32,0.09248554913294797,3
val,bare_land,0.4,0.25,0.02,432,346,20,0.057803468208092484,3
val,bare_land,0.4,0.25,0.05,432,346,5,0.014450867052023121,3
val,bare_land,0.4,0.25,0.1,432,346,1,0.002890173410404624,1
val,water,0.4,0.25,0.0,432,346,346,1.0,3
val,water,0.4,0.25,0.001,432,346,162,0.4682080924855491,3
val,water,0.4,0.25,0.0025,432,346,137,0.3959537572254335,3
val,water,0.4,0.25,0.005,432,346,120,0.3468208092485549,3
val,water,0.4,0.25,0.01,432,346,94,0.27167630057803466,3
val,water,0.4,0.25,0.02,432,346,73,0.21098265895953758,3
val,water,0.4,0.25,0.05,432,346,48,0.13872832369942195,3
val,water,0.4,0.25,0.1,432,346,30,0.08670520231213873,3
val,buildings,0.5,0.25,0.0,432,313,313,1.0,3
val,buildings,0.5,0.25,0.001,432,313,306,0.9776357827476039,3
val,buildings,0.5,0.25,0.0025,432,313,300,0.9584664536741214,3
val,buildings,0.5,0.25,0.005,432,313,284,0.9073482428115016,3
val,buildings,0.5,0.25,0.01,432,313,218,0.6964856230031949,3
val,buildings,0.5,0.25,0.02,432,313,162,0.5175718849840255,3
val,buildings,0.5,0.25,0.05,432,313,83,0.26517571884984026,3
val,buildings,0.5,0.25,0.1,432,313,35,0.11182108626198083,3
val,roads,0.5,0.25,0.0,432,313,313,1.0,3
val,roads,0.5,0.25,0.001,432,313,310,0.9904153354632588,3
val,roads,0.5,0.25,0.0025,432,313,306,0.9776357827476039,3
val,roads,0.5,0.25,0.005,432,313,297,0.9488817891373802,3
val,roads,0.5,0.25,0.01,432,313,256,0.8178913738019169,3
val,roads,0.5,0.25,0.02,432,313,155,0.4952076677316294,3
val,roads,0.5,0.25,0.05,432,313,44,0.14057507987220447,3
val,roads,0.5,0.25,0.1,432,313,3,0.009584664536741214,2
val,vegetation,0.5,0.25,0.0,432,313,313,1.0,3
val,vegetation,0.5,0.25,0.001,432,313,313,1.0,3
val,vegetation,0.5,0.25,0.0025,432,313,313,1.0,3
val,vegetation,0.5,0.25,0.005,432,313,313,1.0,3
val,vegetation,0.5,0.25,0.01,432,313,313,1.0,3
val,vegetation,0.5,0.25,0.02,432,313,313,1.0,3
val,vegetation,0.5,0.25,0.05,432,313,313,1.0,3
val,vegetation,0.5,0.25,0.1,432,313,313,1.0,3
val,bare_land,0.5,0.25,0.0,432,313,313,1.0,3
val,bare_land,0.5,0.25,0.001,432,313,45,0.14376996805111822,3
val,bare_land,0.5,0.25,0.0025,432,313,41,0.13099041533546327,3
val,bare_land,0.5,0.25,0.005,432,313,33,0.10543130990415335,3
val,bare_land,0.5,0.25,0.01,432,313,25,0.07987220447284345,3
val,bare_land,0.5,0.25,0.02,432,313,14,0.04472843450479233,3
val,bare_land,0.5,0.25,0.05,432,313,5,0.01597444089456869,3
val,bare_land,0.5,0.25,0.1,432,313,1,0.003194888178913738,1
val,water,0.5,0.25,0.0,432,313,313,1.0,3
val,water,0.5,0.25,0.001,432,313,139,0.4440894568690096,3
val,water,0.5,0.25,0.0025,432,313,115,0.36741214057507987,3
val,water,0.5,0.25,0.005,432,313,101,0.3226837060702875,3
val,water,0.5,0.25,0.01,432,313,76,0.24281150159744408,3
val,water,0.5,0.25,0.02,432,313,60,0.19169329073482427,3
val,water,0.5,0.25,0.05,432,313,38,0.12140575079872204,3
val,water,0.5,0.25,0.1,432,313,26,0.08306709265175719,2
val,buildings,0.6,0.25,0.0,432,280,280,1.0,3
val,buildings,0.6,0.25,0.001,432,280,273,0.975,3
val,buildings,0.6,0.25,0.0025,432,280,267,0.9535714285714286,3
val,buildings,0.6,0.25,0.005,432,280,252,0.9,3
val,buildings,0.6,0.25,0.01,432,280,186,0.6642857142857143,3
val,buildings,0.6,0.25,0.02,432,280,130,0.4642857142857143,3
val,buildings,0.6,0.25,0.05,432,280,54,0.19285714285714287,3
val,buildings,0.6,0.25,0.1,432,280,11,0.039285714285714285,3
val,roads,0.6,0.25,0.0,432,280,280,1.0,3
val,roads,0.6,0.25,0.001,432,280,277,0.9892857142857143,3
val,roads,0.6,0.25,0.0025,432,280,273,0.975,3
val,roads,0.6,0.25,0.005,432,280,264,0.9428571428571428,3
val,roads,0.6,0.25,0.01,432,280,223,0.7964285714285714,3
val,roads,0.6,0.25,0.02,432,280,122,0.4357142857142857,3
val,roads,0.6,0.25,0.05,432,280,17,0.060714285714285714,3
val,roads,0.6,0.25,0.1,432,280,0,0.0,0
val,vegetation,0.6,0.25,0.0,432,280,280,1.0,3
val,vegetation,0.6,0.25,0.001,432,280,280,1.0,3
val,vegetation,0.6,0.25,0.0025,432,280,280,1.0,3
val,vegetation,0.6,0.25,0.005,432,280,280,1.0,3
val,vegetation,0.6,0.25,0.01,432,280,280,1.0,3
val,vegetation,0.6,0.25,0.02,432,280,280,1.0,3
val,vegetation,0.6,0.25,0.05,432,280,280,1.0,3
val,vegetation,0.6,0.25,0.1,432,280,280,1.0,3
val,bare_land,0.6,0.25,0.0,432,280,280,1.0,3
val,bare_land,0.6,0.25,0.001,432,280,40,0.14285714285714285,3
val,bare_land,0.6,0.25,0.0025,432,280,37,0.13214285714285715,3
val,bare_land,0.6,0.25,0.005,432,280,30,0.10714285714285714,3
val,bare_land,0.6,0.25,0.01,432,280,22,0.07857142857142857,3
val,bare_land,0.6,0.25,0.02,432,280,11,0.039285714285714285,3
val,bare_land,0.6,0.25,0.05,432,280,4,0.014285714285714285,2
val,bare_land,0.6,0.25,0.1,432,280,1,0.0035714285714285713,1
val,water,0.6,0.25,0.0,432,280,280,1.0,3
val,water,0.6,0.25,0.001,432,280,119,0.425,3
val,water,0.6,0.25,0.0025,432,280,96,0.34285714285714286,3
val,water,0.6,0.25,0.005,432,280,85,0.30357142857142855,3
val,water,0.6,0.25,0.01,432,280,62,0.22142857142857142,3
val,water,0.6,0.25,0.02,432,280,47,0.16785714285714284,3
val,water,0.6,0.25,0.05,432,280,30,0.10714285714285714,3
val,water,0.6,0.25,0.1,432,280,21,0.075,2
val,buildings,0.7,0.25,0.0,432,251,251,1.0,3
val,buildings,0.7,0.25,0.001,432,251,244,0.9721115537848606,3
val,buildings,0.7,0.25,0.0025,432,251,238,0.9482071713147411,3
val,buildings,0.7,0.25,0.005,432,251,223,0.8884462151394422,3
val,buildings,0.7,0.25,0.01,432,251,158,0.6294820717131474,3
val,buildings,0.7,0.25,0.02,432,251,102,0.4063745019920319,3
val,buildings,0.7,0.25,0.05,432,251,28,0.11155378486055777,3
val,buildings,0.7,0.25,0.1,432,251,0,0.0,0
val,roads,0.7,0.25,0.0,432,251,251,1.0,3
val,roads,0.7,0.25,0.001,432,251,248,0.9880478087649402,3
val,roads,0.7,0.25,0.0025,432,251,244,0.9721115537848606,3
val,roads,0.7,0.25,0.005,432,251,235,0.9362549800796812,3
val,roads,0.7,0.25,0.01,432,251,194,0.7729083665338645,3
val,roads,0.7,0.25,0.02,432,251,94,0.3745019920318725,3
val,roads,0.7,0.25,0.05,432,251,0,0.0,0
val,roads,0.7,0.25,0.1,432,251,0,0.0,0
val,vegetation,0.7,0.25,0.0,432,251,251,1.0,3
val,vegetation,0.7,0.25,0.001,432,251,251,1.0,3
val,vegetation,0.7,0.25,0.0025,432,251,251,1.0,3
val,vegetation,0.7,0.25,0.005,432,251,251,1.0,3
val,vegetation,0.7,0.25,0.01,432,251,251,1.0,3
val,vegetation,0.7,0.25,0.02,432,251,251,1.0,3
val,vegetation,0.7,0.25,0.05,432,251,251,1.0,3
val,vegetation,0.7,0.25,0.1,432,251,251,1.0,3
val,bare_land,0.7,0.25,0.0,432,251,251,1.0,3
val,bare_land,0.7,0.25,0.001,432,251,35,0.1394422310756972,3
val,bare_land,0.7,0.25,0.0025,432,251,32,0.12749003984063745,3
val,bare_land,0.7,0.25,0.005,432,251,25,0.099601593625498,3
val,bare_land,0.7,0.25,0.01,432,251,17,0.06772908366533864,3
val,bare_land,0.7,0.25,0.02,432,251,7,0.027888446215139442,3
val,bare_land,0.7,0.25,0.05,432,251,2,0.00796812749003984,1
val,bare_land,0.7,0.25,0.1,432,251,1,0.00398406374501992,1
val,water,0.7,0.25,0.0,432,251,251,1.0,3
val,water,0.7,0.25,0.001,432,251,106,0.42231075697211157,3
val,water,0.7,0.25,0.0025,432,251,84,0.3346613545816733,3
val,water,0.7,0.25,0.005,432,251,75,0.29880478087649404,3
val,water,0.7,0.25,0.01,432,251,53,0.21115537848605578,3
val,water,0.7,0.25,0.02,432,251,40,0.1593625498007968,3
val,water,0.7,0.25,0.05,432,251,26,0.10358565737051793,3
val,water,0.7,0.25,0.1,432,251,18,0.07171314741035857,2
test,buildings,0.25,0.25,0.0,432,347,347,1.0,3
test,buildings,0.25,0.25,0.001,432,347,331,0.9538904899135446,3
test,buildings,0.25,0.25,0.0025,432,347,313,0.9020172910662824,3
test,buildings,0.25,0.25,0.005,432,347,286,0.8242074927953891,3
test,buildings,0.25,0.25,0.01,432,347,209,0.6023054755043228,3
test,buildings,0.25,0.25,0.02,432,347,144,0.414985590778098,3
test,buildings,0.25,0.25,0.05,432,347,74,0.2132564841498559,3
test,buildings,0.25,0.25,0.1,432,347,44,0.12680115273775217,3
test,roads,0.25,0.25,0.0,432,347,347,1.0,3
test,roads,0.25,0.25,0.001,432,347,332,0.9567723342939481,3
test,roads,0.25,0.25,0.0025,432,347,320,0.9221902017291066,3
test,roads,0.25,0.25,0.005,432,347,301,0.8674351585014409,3
test,roads,0.25,0.25,0.01,432,347,239,0.6887608069164265,3
test,roads,0.25,0.25,0.02,432,347,139,0.40057636887608067,3
test,roads,0.25,0.25,0.05,432,347,49,0.14121037463976946,3
test,roads,0.25,0.25,0.1,432,347,14,0.040345821325648415,3
test,vegetation,0.25,0.25,0.0,432,347,347,1.0,3
test,vegetation,0.25,0.25,0.001,432,347,345,0.9942363112391931,3
test,vegetation,0.25,0.25,0.0025,432,347,345,0.9942363112391931,3
test,vegetation,0.25,0.25,0.005,432,347,345,0.9942363112391931,3
test,vegetation,0.25,0.25,0.01,432,347,345,0.9942363112391931,3
test,vegetation,0.25,0.25,0.02,432,347,344,0.9913544668587896,3
test,vegetation,0.25,0.25,0.05,432,347,344,0.9913544668587896,3
test,vegetation,0.25,0.25,0.1,432,347,339,0.9769452449567724,3
test,bare_land,0.25,0.25,0.0,432,347,347,1.0,3
test,bare_land,0.25,0.25,0.001,432,347,26,0.07492795389048991,3
test,bare_land,0.25,0.25,0.0025,432,347,25,0.07204610951008646,3
test,bare_land,0.25,0.25,0.005,432,347,18,0.05187319884726225,3
test,bare_land,0.25,0.25,0.01,432,347,14,0.040345821325648415,3
test,bare_land,0.25,0.25,0.02,432,347,11,0.03170028818443804,3
test,bare_land,0.25,0.25,0.05,432,347,1,0.002881844380403458,1
test,bare_land,0.25,0.25,0.1,432,347,0,0.0,0
test,water,0.25,0.25,0.0,432,347,347,1.0,3
test,water,0.25,0.25,0.001,432,347,157,0.45244956772334294,3
test,water,0.25,0.25,0.0025,432,347,144,0.414985590778098,3
test,water,0.25,0.25,0.005,432,347,131,0.37752161383285304,3
test,water,0.25,0.25,0.01,432,347,100,0.2881844380403458,3
test,water,0.25,0.25,0.02,432,347,80,0.23054755043227665,3
test,water,0.25,0.25,0.05,432,347,65,0.1873198847262248,3
test,water,0.25,0.25,0.1,432,347,38,0.10951008645533142,2
test,buildings,0.4,0.25,0.0,432,336,336,1.0,3
test,buildings,0.4,0.25,0.001,432,336,321,0.9553571428571429,3
test,buildings,0.4,0.25,0.0025,432,336,304,0.9047619047619048,3
test,buildings,0.4,0.25,0.005,432,336,277,0.8244047619047619,3
test,buildings,0.4,0.25,0.01,432,336,200,0.5952380952380952,3
test,buildings,0.4,0.25,0.02,432,336,135,0.4017857142857143,3
test,buildings,0.4,0.25,0.05,432,336,66,0.19642857142857142,3
test,buildings,0.4,0.25,0.1,432,336,36,0.10714285714285714,3
test,roads,0.4,0.25,0.0,432,336,336,1.0,3
test,roads,0.4,0.25,0.001,432,336,323,0.9613095238095238,3
test,roads,0.4,0.25,0.0025,432,336,311,0.9255952380952381,3
test,roads,0.4,0.25,0.005,432,336,292,0.8690476190476191,3
test,roads,0.4,0.25,0.01,432,336,230,0.6845238095238095,3
test,roads,0.4,0.25,0.02,432,336,130,0.3869047619047619,3
test,roads,0.4,0.25,0.05,432,336,41,0.12202380952380952,3
test,roads,0.4,0.25,0.1,432,336,6,0.017857142857142856,3
test,vegetation,0.4,0.25,0.0,432,336,336,1.0,3
test,vegetation,0.4,0.25,0.001,432,336,334,0.9940476190476191,3
test,vegetation,0.4,0.25,0.0025,432,336,334,0.9940476190476191,3
test,vegetation,0.4,0.25,0.005,432,336,334,0.9940476190476191,3
test,vegetation,0.4,0.25,0.01,432,336,334,0.9940476190476191,3
test,vegetation,0.4,0.25,0.02,432,336,333,0.9910714285714286,3
test,vegetation,0.4,0.25,0.05,432,336,333,0.9910714285714286,3
test,vegetation,0.4,0.25,0.1,432,336,329,0.9791666666666666,3
test,bare_land,0.4,0.25,0.0,432,336,336,1.0,3
test,bare_land,0.4,0.25,0.001,432,336,24,0.07142857142857142,3
test,bare_land,0.4,0.25,0.0025,432,336,23,0.06845238095238096,3
test,bare_land,0.4,0.25,0.005,432,336,16,0.047619047619047616,3
test,bare_land,0.4,0.25,0.01,432,336,13,0.03869047619047619,3
test,bare_land,0.4,0.25,0.02,432,336,10,0.02976190476190476,2
test,bare_land,0.4,0.25,0.05,432,336,1,0.002976190476190476,1
test,bare_land,0.4,0.25,0.1,432,336,0,0.0,0
test,water,0.4,0.25,0.0,432,336,336,1.0,3
test,water,0.4,0.25,0.001,432,336,148,0.44047619047619047,3
test,water,0.4,0.25,0.0025,432,336,135,0.4017857142857143,3
test,water,0.4,0.25,0.005,432,336,122,0.3630952380952381,3
test,water,0.4,0.25,0.01,432,336,93,0.2767857142857143,3
test,water,0.4,0.25,0.02,432,336,74,0.22023809523809523,3
test,water,0.4,0.25,0.05,432,336,59,0.17559523809523808,3
test,water,0.4,0.25,0.1,432,336,34,0.10119047619047619,2
test,buildings,0.5,0.25,0.0,432,316,316,1.0,3
test,buildings,0.5,0.25,0.001,432,316,301,0.9525316455696202,3
test,buildings,0.5,0.25,0.0025,432,316,284,0.8987341772151899,3
test,buildings,0.5,0.25,0.005,432,316,258,0.8164556962025317,3
test,buildings,0.5,0.25,0.01,432,316,182,0.5759493670886076,3
test,buildings,0.5,0.25,0.02,432,316,119,0.37658227848101267,3
test,buildings,0.5,0.25,0.05,432,316,52,0.16455696202531644,3
test,buildings,0.5,0.25,0.1,432,316,23,0.07278481012658228,3
test,roads,0.5,0.25,0.0,432,316,316,1.0,3
test,roads,0.5,0.25,0.001,432,316,303,0.9588607594936709,3
test,roads,0.5,0.25,0.0025,432,316,291,0.9208860759493671,3
test,roads,0.5,0.25,0.005,432,316,272,0.8607594936708861,3
test,roads,0.5,0.25,0.01,432,316,210,0.6645569620253164,3
test,roads,0.5,0.25,0.02,432,316,112,0.35443037974683544,3
test,roads,0.5,0.25,0.05,432,316,27,0.08544303797468354,3
test,roads,0.5,0.25,0.1,432,316,2,0.006329113924050633,1
test,vegetation,0.5,0.25,0.0,432,316,316,1.0,3
test,vegetation,0.5,0.25,0.001,432,316,314,0.9936708860759493,3
test,vegetation,0.5,0.25,0.0025,432,316,314,0.9936708860759493,3
test,vegetation,0.5,0.25,0.005,432,316,314,0.9936708860759493,3
test,vegetation,0.5,0.25,0.01,432,316,314,0.9936708860759493,3
test,vegetation,0.5,0.25,0.02,432,316,313,0.990506329113924,3
test,vegetation,0.5,0.25,0.05,432,316,313,0.990506329113924,3
test,vegetation,0.5,0.25,0.1,432,316,309,0.9778481012658228,3
test,bare_land,0.5,0.25,0.0,432,316,316,1.0,3
test,bare_land,0.5,0.25,0.001,432,316,23,0.07278481012658228,3
test,bare_land,0.5,0.25,0.0025,432,316,22,0.06962025316455696,3
test,bare_land,0.5,0.25,0.005,432,316,15,0.04746835443037975,3
test,bare_land,0.5,0.25,0.01,432,316,12,0.0379746835443038,3
test,bare_land,0.5,0.25,0.02,432,316,9,0.028481012658227847,2
test,bare_land,0.5,0.25,0.05,432,316,1,0.0031645569620253164,1
test,bare_land,0.5,0.25,0.1,432,316,0,0.0,0
test,water,0.5,0.25,0.0,432,316,316,1.0,3
test,water,0.5,0.25,0.001,432,316,132,0.4177215189873418,3
test,water,0.5,0.25,0.0025,432,316,119,0.37658227848101267,3
test,water,0.5,0.25,0.005,432,316,108,0.34177215189873417,3
test,water,0.5,0.25,0.01,432,316,81,0.2563291139240506,3
test,water,0.5,0.25,0.02,432,316,64,0.20253164556962025,3
test,water,0.5,0.25,0.05,432,316,50,0.15822784810126583,3
test,water,0.5,0.25,0.1,432,316,28,0.08860759493670886,2
test,buildings,0.6,0.25,0.0,432,293,293,1.0,3
test,buildings,0.6,0.25,0.001,432,293,278,0.9488054607508533,3
test,buildings,0.6,0.25,0.0025,432,293,261,0.8907849829351536,3
test,buildings,0.6,0.25,0.005,432,293,235,0.8020477815699659,3
test,buildings,0.6,0.25,0.01,432,293,161,0.5494880546075085,3
test,buildings,0.6,0.25,0.02,432,293,101,0.3447098976109215,3
test,buildings,0.6,0.25,0.05,432,293,36,0.12286689419795221,3
test,buildings,0.6,0.25,0.1,432,293,11,0.03754266211604096,3
test,roads,0.6,0.25,0.0,432,293,293,1.0,3
test,roads,0.6,0.25,0.001,432,293,280,0.9556313993174061,3
test,roads,0.6,0.25,0.0025,432,293,268,0.9146757679180887,3
test,roads,0.6,0.25,0.005,432,293,249,0.8498293515358362,3
test,roads,0.6,0.25,0.01,432,293,187,0.6382252559726962,3
test,roads,0.6,0.25,0.02,432,293,91,0.310580204778157,3
test,roads,0.6,0.25,0.05,432,293,13,0.04436860068259386,3
test,roads,0.6,0.25,0.1,432,293,0,0.0,0
test,vegetation,0.6,0.25,0.0,432,293,293,1.0,3
test,vegetation,0.6,0.25,0.001,432,293,291,0.9931740614334471,3
test,vegetation,0.6,0.25,0.0025,432,293,291,0.9931740614334471,3
test,vegetation,0.6,0.25,0.005,432,293,291,0.9931740614334471,3
test,vegetation,0.6,0.25,0.01,432,293,291,0.9931740614334471,3
test,vegetation,0.6,0.25,0.02,432,293,290,0.9897610921501706,3
test,vegetation,0.6,0.25,0.05,432,293,290,0.9897610921501706,3
test,vegetation,0.6,0.25,0.1,432,293,288,0.9829351535836177,3
test,bare_land,0.6,0.25,0.0,432,293,293,1.0,3
test,bare_land,0.6,0.25,0.001,432,293,20,0.06825938566552901,3
test,bare_land,0.6,0.25,0.0025,432,293,19,0.06484641638225255,3
test,bare_land,0.6,0.25,0.005,432,293,12,0.040955631399317405,3
test,bare_land,0.6,0.25,0.01,432,293,10,0.034129692832764506,3
test,bare_land,0.6,0.25,0.02,432,293,8,0.027303754266211604,2
test,bare_land,0.6,0.25,0.05,432,293,1,0.0034129692832764505,1
test,bare_land,0.6,0.25,0.1,432,293,0,0.0,0
test,water,0.6,0.25,0.0,432,293,293,1.0,3
test,water,0.6,0.25,0.001,432,293,116,0.39590443686006827,3
test,water,0.6,0.25,0.0025,432,293,103,0.3515358361774744,3
test,water,0.6,0.25,0.005,432,293,92,0.31399317406143346,3
test,water,0.6,0.25,0.01,432,293,66,0.22525597269624573,3
test,water,0.6,0.25,0.02,432,293,53,0.18088737201365188,3
test,water,0.6,0.25,0.05,432,293,40,0.13651877133105803,3
test,water,0.6,0.25,0.1,432,293,21,0.07167235494880546,2
test,buildings,0.7,0.25,0.0,432,259,259,1.0,3
test,buildings,0.7,0.25,0.001,432,259,244,0.9420849420849421,3
test,buildings,0.7,0.25,0.0025,432,259,227,0.8764478764478765,3
test,buildings,0.7,0.25,0.005,432,259,201,0.7760617760617761,3
test,buildings,0.7,0.25,0.01,432,259,130,0.5019305019305019,3
test,buildings,0.7,0.25,0.02,432,259,72,0.277992277992278,3
test,buildings,0.7,0.25,0.05,432,259,16,0.06177606177606178,3
test,buildings,0.7,0.25,0.1,432,259,3,0.011583011583011582,2
test,roads,0.7,0.25,0.0,432,259,259,1.0,3
test,roads,0.7,0.25,0.001,432,259,246,0.9498069498069498,3
test,roads,0.7,0.25,0.0025,432,259,234,0.9034749034749034,3
test,roads,0.7,0.25,0.005,432,259,215,0.8301158301158301,3
test,roads,0.7,0.25,0.01,432,259,154,0.5945945945945946,3
test,roads,0.7,0.25,0.02,432,259,62,0.23938223938223938,3
test,roads,0.7,0.25,0.05,432,259,1,0.003861003861003861,1
test,roads,0.7,0.25,0.1,432,259,0,0.0,0
test,vegetation,0.7,0.25,0.0,432,259,259,1.0,3
test,vegetation,0.7,0.25,0.001,432,259,257,0.9922779922779923,3
test,vegetation,0.7,0.25,0.0025,432,259,257,0.9922779922779923,3
test,vegetation,0.7,0.25,0.005,432,259,257,0.9922779922779923,3
test,vegetation,0.7,0.25,0.01,432,259,257,0.9922779922779923,3
test,vegetation,0.7,0.25,0.02,432,259,256,0.9884169884169884,3
test,vegetation,0.7,0.25,0.05,432,259,256,0.9884169884169884,3
test,vegetation,0.7,0.25,0.1,432,259,254,0.9806949806949807,3
test,bare_land,0.7,0.25,0.0,432,259,259,1.0,3
test,bare_land,0.7,0.25,0.001,432,259,15,0.05791505791505792,3
test,bare_land,0.7,0.25,0.0025,432,259,14,0.05405405405405406,3
test,bare_land,0.7,0.25,0.005,432,259,8,0.03088803088803089,3
test,bare_land,0.7,0.25,0.01,432,259,6,0.023166023166023165,2
test,bare_land,0.7,0.25,0.02,432,259,5,0.019305019305019305,2
test,bare_land,0.7,0.25,0.05,432,259,1,0.003861003861003861,1
test,bare_land,0.7,0.25,0.1,432,259,0,0.0,0
test,water,0.7,0.25,0.0,432,259,259,1.0,3
test,water,0.7,0.25,0.001,432,259,92,0.3552123552123552,3
test,water,0.7,0.25,0.0025,432,259,80,0.3088803088803089,3
test,water,0.7,0.25,0.005,432,259,72,0.277992277992278,3
test,water,0.7,0.25,0.01,432,259,50,0.19305019305019305,3
test,water,0.7,0.25,0.02,432,259,41,0.1583011583011583,3
test,water,0.7,0.25,0.05,432,259,30,0.11583011583011583,3
test,water,0.7,0.25,0.1,432,259,18,0.0694980694980695,2
