split,metric,population,quantile,value,population_tile_count
all,valid_fraction_source_pixels,all_tiles,0.0,0.0,2880
all,valid_fraction_source_pixels,all_tiles,0.25,0.5623435974121094,2880
all,valid_fraction_source_pixels,all_tiles,0.5,0.7364044189453125,2880
all,valid_fraction_source_pixels,all_tiles,0.75,0.8717749222465183,2880
all,valid_fraction_source_pixels,all_tiles,0.9,0.9375473022460937,2880
all,valid_fraction_source_pixels,all_tiles,0.95,0.9609573364257812,2880
all,valid_fraction_source_pixels,all_tiles,0.99,0.9889337158203125,2880
all,valid_fraction_source_pixels,all_tiles,1.0,1.0,2880
all,valid_fraction_source_pixels,positive_tiles,0.0,0.000518798828125,2869
all,valid_fraction_source_pixels,positive_tiles,0.25,0.56463623046875,2869
all,valid_fraction_source_pixels,positive_tiles,0.5,0.737899116847826,2869
all,valid_fraction_source_pixels,positive_tiles,0.75,0.87225341796875,2869
all,valid_fraction_source_pixels,positive_tiles,0.9,0.9377105712890625,2869
all,valid_fraction_source_pixels,positive_tiles,0.95,0.961175537109375,2869
all,valid_fraction_source_pixels,positive_tiles,0.99,0.9890277099609377,2869
all,valid_fraction_source_pixels,positive_tiles,1.0,1.0,2869
all,padding_fraction,all_tiles,0.0,0.0,2880
all,padding_fraction,all_tiles,0.25,0.0,2880
all,padding_fraction,all_tiles,0.5,0.0,2880
all,padding_fraction,all_tiles,0.75,0.0,2880
all,padding_fraction,all_tiles,0.9,0.28125,2880
all,padding_fraction,all_tiles,0.95,0.28125,2880
all,padding_fraction,all_tiles,0.99,0.28125,2880
all,padding_fraction,all_tiles,1.0,0.4833984375,2880
all,padding_fraction,positive_tiles,0.0,0.28125,460
all,padding_fraction,positive_tiles,0.25,0.28125,460
all,padding_fraction,positive_tiles,0.5,0.28125,460
all,padding_fraction,positive_tiles,0.75,0.28125,460
all,padding_fraction,positive_tiles,0.9,0.28125,460
all,padding_fraction,positive_tiles,0.95,0.28125,460
all,padding_fraction,positive_tiles,0.99,0.4833984375,460
all,padding_fraction,positive_tiles,1.0,0.4833984375,460
all,conflict_fraction_source_pixels,all_tiles,0.0,0.0,2880
all,conflict_fraction_source_pixels,all_tiles,0.25,0.02022452976392663,2880
all,conflict_fraction_source_pixels,all_tiles,0.5,0.0456695556640625,2880
all,conflict_fraction_source_pixels,all_tiles,0.75,0.09453682277513586,2880
all,conflict_fraction_source_pixels,all_tiles,0.9,0.1582794189453125,2880
all,conflict_fraction_source_pixels,all_tiles,0.95,0.20501937866210937,2880
all,conflict_fraction_source_pixels,all_tiles,0.99,0.2830801391601563,2880
all,conflict_fraction_source_pixels,all_tiles,1.0,0.5201873779296875,2880
all,conflict_fraction_source_pixels,positive_tiles,0.0,1.52587890625e-05,2865
all,conflict_fraction_source_pixels,positive_tiles,0.25,0.0206146240234375,2865
all,conflict_fraction_source_pixels,positive_tiles,0.5,0.046112060546875,2865
all,conflict_fraction_source_pixels,positive_tiles,0.75,0.09481148097826086,2865
all,conflict_fraction_source_pixels,positive_tiles,0.9,0.1583160400390625,2865
all,conflict_fraction_source_pixels,positive_tiles,0.95,0.2050537109375,2865
all,conflict_fraction_source_pixels,positive_tiles,0.99,0.2831121826171875,2865
all,conflict_fraction_source_pixels,positive_tiles,1.0,0.5201873779296875,2865
all,buildings_fraction_valid,all_tiles,0.0,0.0,2880
all,buildings_fraction_valid,all_tiles,0.25,0.013318956701433982,2880
all,buildings_fraction_valid,all_tiles,0.5,0.05070242839885564,2880
all,buildings_fraction_valid,all_tiles,0.75,0.1466057805444048,2880
all,buildings_fraction_valid,all_tiles,0.9,0.3216849101641612,2880
all,buildings_fraction_valid,all_tiles,0.95,0.4284050519244698,2880
all,buildings_fraction_valid,all_tiles,0.99,0.5705642033690076,2880
all,buildings_fraction_valid,all_tiles,1.0,0.6921718008170475,2880
all,buildings_fraction_valid,positive_tiles,0.0,1.52587890625e-05,2847
all,buildings_fraction_valid,positive_tiles,0.25,0.013948963033693383,2847
all,buildings_fraction_valid,positive_tiles,0.5,0.05197997675873782,2847
all,buildings_fraction_valid,positive_tiles,0.75,0.14810542027896514,2847
all,buildings_fraction_valid,positive_tiles,0.9,0.32729820433711565,2847
all,buildings_fraction_valid,positive_tiles,0.95,0.4292019808055878,2847
all,buildings_fraction_valid,positive_tiles,0.99,0.5711326033335583,2847
all,buildings_fraction_valid,positive_tiles,1.0,0.6921718008170475,2847
all,roads_fraction_valid,all_tiles,0.0,0.0,2880
all,roads_fraction_valid,all_tiles,0.25,0.020131869678571394,2880
all,roads_fraction_valid,all_tiles,0.5,0.04824777672030816,2880
all,roads_fraction_valid,all_tiles,0.75,0.11022597338489891,2880
all,roads_fraction_valid,all_tiles,0.9,0.21134146882261476,2880
all,roads_fraction_valid,all_tiles,0.95,0.265253448209887,2880
all,roads_fraction_valid,all_tiles,0.99,0.33289580773210914,2880
all,roads_fraction_valid,all_tiles,1.0,0.6529884032114184,2880
all,roads_fraction_valid,positive_tiles,0.0,0.00013769257837002586,2856
all,roads_fraction_valid,positive_tiles,0.25,0.020737941869375172,2856
all,roads_fraction_valid,positive_tiles,0.5,0.048864670554681924,2856
all,roads_fraction_valid,positive_tiles,0.75,0.11069728792382756,2856
all,roads_fraction_valid,positive_tiles,0.9,0.21222816860737492,2856
all,roads_fraction_valid,positive_tiles,0.95,0.2652967581222949,2856
all,roads_fraction_valid,positive_tiles,0.99,0.3331875441109382,2856
all,roads_fraction_valid,positive_tiles,1.0,0.6529884032114184,2856
all,vegetation_fraction_valid,all_tiles,0.0,0.0,2880
all,vegetation_fraction_valid,all_tiles,0.25,0.6768909703261038,2880
all,vegetation_fraction_valid,all_tiles,0.5,0.864251848056883,2880
all,vegetation_fraction_valid,all_tiles,0.75,0.9507735746679531,2880
all,vegetation_fraction_valid,all_tiles,0.9,0.9795126789267412,2880
all,vegetation_fraction_valid,all_tiles,0.95,0.9880179753990053,2880
all,vegetation_fraction_valid,all_tiles,0.99,0.9980324314650633,2880
all,vegetation_fraction_valid,all_tiles,1.0,1.0,2880
all,vegetation_fraction_valid,positive_tiles,0.0,0.00033127665741852666,2865
all,vegetation_fraction_valid,positive_tiles,0.25,0.6788101238084804,2865
all,vegetation_fraction_valid,positive_tiles,0.5,0.8650172251800814,2865
all,vegetation_fraction_valid,positive_tiles,0.75,0.9509016155722743,2865
all,vegetation_fraction_valid,positive_tiles,0.9,0.9796412826815366,2865
all,vegetation_fraction_valid,positive_tiles,0.95,0.9880692328901096,2865
all,vegetation_fraction_valid,positive_tiles,0.99,0.998036244993894,2865
all,vegetation_fraction_valid,positive_tiles,1.0,1.0,2865
all,bare_land_fraction_valid,all_tiles,0.0,0.0,2880
all,bare_land_fraction_valid,all_tiles,0.25,0.0,2880
all,bare_land_fraction_valid,all_tiles,0.5,0.0,2880
all,bare_land_fraction_valid,all_tiles,0.75,0.0,2880
all,bare_land_fraction_valid,all_tiles,0.9,0.005842297220111341,2880
all,bare_land_fraction_valid,all_tiles,0.95,0.01922688079109388,2880
all,bare_land_fraction_valid,all_tiles,0.99,0.07602891965903168,2880
all,bare_land_fraction_valid,all_tiles,1.0,0.3695652173913043,2880
all,bare_land_fraction_valid,positive_tiles,0.0,2.0374067886394197e-05,575
all,bare_land_fraction_valid,positive_tiles,0.25,0.0016525799968222419,575
all,bare_land_fraction_valid,positive_tiles,0.5,0.005917824637626877,575
all,bare_land_fraction_valid,positive_tiles,0.75,0.01939415626729713,575
all,bare_land_fraction_valid,positive_tiles,0.9,0.04502498077092656,575
all,bare_land_fraction_valid,positive_tiles,0.95,0.0760337233228565,575
all,bare_land_fraction_valid,positive_tiles,0.99,0.16633385249765328,575
all,bare_land_fraction_valid,positive_tiles,1.0,0.3695652173913043,575
all,water_fraction_valid,all_tiles,0.0,0.0,2880
all,water_fraction_valid,all_tiles,0.25,0.0,2880
all,water_fraction_valid,all_tiles,0.5,0.0011976254653837852,2880
all,water_fraction_valid,all_tiles,0.75,0.02415939233779476,2880
all,water_fraction_valid,all_tiles,0.9,0.10287691708534283,2880
all,water_fraction_valid,all_tiles,0.95,0.20753133312003125,2880
all,water_fraction_valid,all_tiles,0.99,0.49970264298736355,2880
all,water_fraction_valid,all_tiles,1.0,1.0,2880
all,water_fraction_valid,positive_tiles,0.0,1.6450344634720098e-05,1531
all,water_fraction_valid,positive_tiles,0.25,0.005604990249662378,1531
all,water_fraction_valid,positive_tiles,0.5,0.02120450322439611,1531
all,water_fraction_valid,positive_tiles,0.75,0.07339873927113164,1531
all,water_fraction_valid,positive_tiles,0.9,0.1941200161095449,1531
all,water_fraction_valid,positive_tiles,0.95,0.2928430547323342,1531
all,water_fraction_valid,positive_tiles,0.99,0.6979983001930495,1531
all,water_fraction_valid,positive_tiles,1.0,1.0,1531
train,valid_fraction_source_pixels,all_tiles,0.0,0.0171051025390625,2016
train,valid_fraction_source_pixels,all_tiles,0.25,0.5258420861285666,2016
train,valid_fraction_source_pixels,all_tiles,0.5,0.6909604279891305,2016
train,valid_fraction_source_pixels,all_tiles,0.75,0.8308143615722656,2016
train,valid_fraction_source_pixels,all_tiles,0.9,0.9121170043945312,2016
train,valid_fraction_source_pixels,all_tiles,0.95,0.9513893127441406,2016
train,valid_fraction_source_pixels,all_tiles,0.99,0.9868965148925779,2016
train,valid_fraction_source_pixels,all_tiles,1.0,1.0,2016
train,valid_fraction_source_pixels,positive_tiles,0.0,0.0171051025390625,2016
train,valid_fraction_source_pixels,positive_tiles,0.25,0.5258420861285666,2016
train,valid_fraction_source_pixels,positive_tiles,0.5,0.6909604279891305,2016
train,valid_fraction_source_pixels,positive_tiles,0.75,0.8308143615722656,2016
train,valid_fraction_source_pixels,positive_tiles,0.9,0.9121170043945312,2016
train,valid_fraction_source_pixels,positive_tiles,0.95,0.9513893127441406,2016
train,valid_fraction_source_pixels,positive_tiles,0.99,0.9868965148925779,2016
train,valid_fraction_source_pixels,positive_tiles,1.0,1.0,2016
train,padding_fraction,all_tiles,0.0,0.0,2016
train,padding_fraction,all_tiles,0.25,0.0,2016
train,padding_fraction,all_tiles,0.5,0.0,2016
train,padding_fraction,all_tiles,0.75,0.0,2016
train,padding_fraction,all_tiles,0.9,0.28125,2016
train,padding_fraction,all_tiles,0.95,0.28125,2016
train,padding_fraction,all_tiles,0.99,0.28125,2016
train,padding_fraction,all_tiles,1.0,0.4833984375,2016
train,padding_fraction,positive_tiles,0.0,0.28125,322
train,padding_fraction,positive_tiles,0.25,0.28125,322
train,padding_fraction,positive_tiles,0.5,0.28125,322
train,padding_fraction,positive_tiles,0.75,0.28125,322
train,padding_fraction,positive_tiles,0.9,0.28125,322
train,padding_fraction,positive_tiles,0.95,0.28125,322
train,padding_fraction,positive_tiles,0.99,0.4833984375,322
train,padding_fraction,positive_tiles,1.0,0.4833984375,322
train,conflict_fraction_source_pixels,all_tiles,0.0,0.0,2016
train,conflict_fraction_source_pixels,all_tiles,0.25,0.026641845703125,2016
train,conflict_fraction_source_pixels,all_tiles,0.5,0.05650362761124321,2016
train,conflict_fraction_source_pixels,all_tiles,0.75,0.10582351684570312,2016
train,conflict_fraction_source_pixels,all_tiles,0.9,0.16941070556640625,2016
train,conflict_fraction_source_pixels,all_tiles,0.95,0.20954281350840692,2016
train,conflict_fraction_source_pixels,all_tiles,0.99,0.2832168579101562,2016
train,conflict_fraction_source_pixels,all_tiles,1.0,0.5201873779296875,2016
train,conflict_fraction_source_pixels,positive_tiles,0.0,0.00010614809782608695,2015
train,conflict_fraction_source_pixels,positive_tiles,0.25,0.0266571044921875,2015
train,conflict_fraction_source_pixels,positive_tiles,0.5,0.05653447690217391,2015
train,conflict_fraction_source_pixels,positive_tiles,0.75,0.10582733154296875,2015
train,conflict_fraction_source_pixels,positive_tiles,0.9,0.16944580078125004,2015
train,conflict_fraction_source_pixels,positive_tiles,0.95,0.20957210374915078,2015
train,conflict_fraction_source_pixels,positive_tiles,0.99,0.28321899414062496,2015
train,conflict_fraction_source_pixels,positive_tiles,1.0,0.5201873779296875,2015
train,buildings_fraction_valid,all_tiles,0.0,0.0,2016
train,buildings_fraction_valid,all_tiles,0.25,0.02643208533714853,2016
train,buildings_fraction_valid,all_tiles,0.5,0.07897273157858126,2016
train,buildings_fraction_valid,all_tiles,0.75,0.1835028786371317,2016
train,buildings_fraction_valid,all_tiles,0.9,0.3696812725031171,2016
train,buildings_fraction_valid,all_tiles,0.95,0.4663155276681314,2016
train,buildings_fraction_valid,all_tiles,0.99,0.5845192667820122,2016
train,buildings_fraction_valid,all_tiles,1.0,0.6921718008170475,2016
train,buildings_fraction_valid,positive_tiles,0.0,1.552385239921139e-05,2004
train,buildings_fraction_valid,positive_tiles,0.25,0.02722489683906161,2004
train,buildings_fraction_valid,positive_tiles,0.5,0.07991680037632733,2004
train,buildings_fraction_valid,positive_tiles,0.75,0.1846591866547532,2004
train,buildings_fraction_valid,positive_tiles,0.9,0.3706057731936699,2004
train,buildings_fraction_valid,positive_tiles,0.95,0.46786812919580295,2004
train,buildings_fraction_valid,positive_tiles,0.99,0.5846184298575898,2004
train,buildings_fraction_valid,positive_tiles,1.0,0.6921718008170475,2004
train,roads_fraction_valid,all_tiles,0.0,0.0,2016
train,roads_fraction_valid,all_tiles,0.25,0.02834979786751348,2016
train,roads_fraction_valid,all_tiles,0.5,0.06400879822645646,2016
train,roads_fraction_valid,all_tiles,0.75,0.13192896714658006,2016
train,roads_fraction_valid,all_tiles,0.9,0.23292249497428927,2016
train,roads_fraction_valid,all_tiles,0.95,0.27575424228368595,2016
train,roads_fraction_valid,all_tiles,0.99,0.33835460513463966,2016
train,roads_fraction_valid,all_tiles,1.0,0.6529884032114184,2016
train,roads_fraction_valid,positive_tiles,0.0,0.00013769257837002586,2010
train,roads_fraction_valid,positive_tiles,0.25,0.028782033233081396,2010
train,roads_fraction_valid,positive_tiles,0.5,0.06427772856418584,2010
train,roads_fraction_valid,positive_tiles,0.75,0.1322372327854326,2010
train,roads_fraction_valid,positive_tiles,0.9,0.23328790374693692,2010
train,roads_fraction_valid,positive_tiles,0.95,0.2757922520715296,2010
train,roads_fraction_valid,positive_tiles,0.99,0.3383844496392748,2010
train,roads_fraction_valid,positive_tiles,1.0,0.6529884032114184,2010
train,vegetation_fraction_valid,all_tiles,0.0,0.0,2016
train,vegetation_fraction_valid,all_tiles,0.25,0.6083517483191836,2016
train,vegetation_fraction_valid,all_tiles,0.5,0.8200235019930178,2016
train,vegetation_fraction_valid,all_tiles,0.75,0.9281211897440815,2016
train,vegetation_fraction_valid,all_tiles,0.9,0.9714048834359651,2016
train,vegetation_fraction_valid,all_tiles,0.95,0.9835205682892445,2016
train,vegetation_fraction_valid,all_tiles,0.99,0.9976214901182588,2016
train,vegetation_fraction_valid,all_tiles,1.0,1.0,2016
train,vegetation_fraction_valid,positive_tiles,0.0,0.00033127665741852666,2015
train,vegetation_fraction_valid,positive_tiles,0.25,0.608993332946118,2015
train,vegetation_fraction_valid,positive_tiles,0.5,0.8201077199281868,2015
train,vegetation_fraction_valid,positive_tiles,0.75,0.9282173057968829,2015
train,vegetation_fraction_valid,positive_tiles,0.9,0.9714087271064923,2015
train,vegetation_fraction_valid,positive_tiles,0.95,0.9835234067311797,2015
train,vegetation_fraction_valid,positive_tiles,0.99,0.9976232617769704,2015
train,vegetation_fraction_valid,positive_tiles,1.0,1.0,2015
train,bare_land_fraction_valid,all_tiles,0.0,0.0,2016
train,bare_land_fraction_valid,all_tiles,0.25,0.0,2016
train,bare_land_fraction_valid,all_tiles,0.5,0.0,2016
train,bare_land_fraction_valid,all_tiles,0.75,0.0,2016
train,bare_land_fraction_valid,all_tiles,0.9,0.006850340468186103,2016
train,bare_land_fraction_valid,all_tiles,0.95,0.020602628302079037,2016
train,bare_land_fraction_valid,all_tiles,0.99,0.08018536078704726,2016
train,bare_land_fraction_valid,all_tiles,1.0,0.3695652173913043,2016
train,bare_land_fraction_valid,positive_tiles,0.0,2.0374067886394197e-05,432
train,bare_land_fraction_valid,positive_tiles,0.25,0.0016527547396383094,432
train,bare_land_fraction_valid,positive_tiles,0.5,0.006072093564195906,432
train,bare_land_fraction_valid,positive_tiles,0.75,0.018725974594259644,432
train,bare_land_fraction_valid,positive_tiles,0.9,0.04908721400950235,432
train,bare_land_fraction_valid,positive_tiles,0.95,0.077892827160394,432
train,bare_land_fraction_valid,positive_tiles,0.99,0.18331096236125743,432
train,bare_land_fraction_valid,positive_tiles,1.0,0.3695652173913043,432
train,water_fraction_valid,all_tiles,0.0,0.0,2016
train,water_fraction_valid,all_tiles,0.25,0.0,2016
train,water_fraction_valid,all_tiles,0.5,0.0021986035945666203,2016
train,water_fraction_valid,all_tiles,0.75,0.030435149160132725,2016
train,water_fraction_valid,all_tiles,0.9,0.11072279740975714,2016
train,water_fraction_valid,all_tiles,0.95,0.19544769597573916,2016
train,water_fraction_valid,all_tiles,0.99,0.38270878857671176,2016
train,water_fraction_valid,all_tiles,1.0,0.7488723637693526,2016
train,water_fraction_valid,positive_tiles,0.0,2.0203652820429932e-05,1122
train,water_fraction_valid,positive_tiles,0.25,0.006070117182461964,1122
train,water_fraction_valid,positive_tiles,0.5,0.022711846163079103,1122
train,water_fraction_valid,positive_tiles,0.75,0.07213354813331704,1122
train,water_fraction_valid,positive_tiles,0.9,0.18224962378619086,1122
train,water_fraction_valid,positive_tiles,0.95,0.2659779995050279,1122
train,water_fraction_valid,positive_tiles,0.99,0.48996839438759243,1122
train,water_fraction_valid,positive_tiles,1.0,0.7488723637693526,1122
val,valid_fraction_source_pixels,all_tiles,0.0,0.2169036865234375,432
val,valid_fraction_source_pixels,all_tiles,0.25,0.6753921508789062,432
val,valid_fraction_source_pixels,all_tiles,0.5,0.8339920043945312,432
val,valid_fraction_source_pixels,all_tiles,0.75,0.9067528766134512,432
val,valid_fraction_source_pixels,all_tiles,0.9,0.93956298828125,432
val,valid_fraction_source_pixels,all_tiles,0.95,0.955065685769786,432
val,valid_fraction_source_pixels,all_tiles,0.99,0.9785129912003226,432
val,valid_fraction_source_pixels,all_tiles,1.0,0.98223876953125,432
val,valid_fraction_source_pixels,positive_tiles,0.0,0.2169036865234375,432
val,valid_fraction_source_pixels,positive_tiles,0.25,0.6753921508789062,432
val,valid_fraction_source_pixels,positive_tiles,0.5,0.8339920043945312,432
val,valid_fraction_source_pixels,positive_tiles,0.75,0.9067528766134512,432
val,valid_fraction_source_pixels,positive_tiles,0.9,0.93956298828125,432
val,valid_fraction_source_pixels,positive_tiles,0.95,0.955065685769786,432
val,valid_fraction_source_pixels,positive_tiles,0.99,0.9785129912003226,432
val,valid_fraction_source_pixels,positive_tiles,1.0,0.98223876953125,432
val,padding_fraction,all_tiles,0.0,0.0,432
val,padding_fraction,all_tiles,0.25,0.0,432
val,padding_fraction,all_tiles,0.5,0.0,432
val,padding_fraction,all_tiles,0.75,0.0,432
val,padding_fraction,all_tiles,0.9,0.28125,432
val,padding_fraction,all_tiles,0.95,0.28125,432
val,padding_fraction,all_tiles,0.99,0.28125,432
val,padding_fraction,all_tiles,1.0,0.4833984375,432
val,padding_fraction,positive_tiles,0.0,0.28125,69
val,padding_fraction,positive_tiles,0.25,0.28125,69
val,padding_fraction,positive_tiles,0.5,0.28125,69
val,padding_fraction,positive_tiles,0.75,0.28125,69
val,padding_fraction,positive_tiles,0.9,0.28125,69
val,padding_fraction,positive_tiles,0.95,0.28125,69
val,padding_fraction,positive_tiles,0.99,0.4833984375,69
val,padding_fraction,positive_tiles,1.0,0.4833984375,69
val,conflict_fraction_source_pixels,all_tiles,0.0,0.00439453125,432
val,conflict_fraction_source_pixels,all_tiles,0.25,0.016628265380859375,432
val,conflict_fraction_source_pixels,all_tiles,0.5,0.03198938784391984,432
val,conflict_fraction_source_pixels,all_tiles,0.75,0.06610870361328125,432
val,conflict_fraction_source_pixels,all_tiles,0.9,0.14117431640625003,432
val,conflict_fraction_source_pixels,all_tiles,0.95,0.1950752258300781,432
val,conflict_fraction_source_pixels,all_tiles,0.99,0.3007270812988281,432
val,conflict_fraction_source_pixels,all_tiles,1.0,0.4163360595703125,432
val,conflict_fraction_source_pixels,positive_tiles,0.0,0.00439453125,432
val,conflict_fraction_source_pixels,positive_tiles,0.25,0.016628265380859375,432
val,conflict_fraction_source_pixels,positive_tiles,0.5,0.03198938784391984,432
val,conflict_fraction_source_pixels,positive_tiles,0.75,0.06610870361328125,432
val,conflict_fraction_source_pixels,positive_tiles,0.9,0.14117431640625003,432
val,conflict_fraction_source_pixels,positive_tiles,0.95,0.1950752258300781,432
val,conflict_fraction_source_pixels,positive_tiles,0.99,0.3007270812988281,432
val,conflict_fraction_source_pixels,positive_tiles,1.0,0.4163360595703125,432
val,buildings_fraction_valid,all_tiles,0.0,1.57726218829356e-05,432
val,buildings_fraction_valid,all_tiles,0.25,0.008908826783352619,432
val,buildings_fraction_valid,all_tiles,0.5,0.02313089803371947,432
val,buildings_fraction_valid,all_tiles,0.75,0.07479648130175531,432
val,buildings_fraction_valid,all_tiles,0.9,0.18272790524039786,432
val,buildings_fraction_valid,all_tiles,0.95,0.2790994545491661,432
val,buildings_fraction_valid,all_tiles,0.99,0.48537797223734946,432
val,buildings_fraction_valid,all_tiles,1.0,0.574884317588308,432
val,buildings_fraction_valid,positive_tiles,0.0,1.57726218829356e-05,432
val,buildings_fraction_valid,positive_tiles,0.25,0.008908826783352619,432
val,buildings_fraction_valid,positive_tiles,0.5,0.02313089803371947,432
val,buildings_fraction_valid,positive_tiles,0.75,0.07479648130175531,432
val,buildings_fraction_valid,positive_tiles,0.9,0.18272790524039786,432
val,buildings_fraction_valid,positive_tiles,0.95,0.2790994545491661,432
val,buildings_fraction_valid,positive_tiles,0.99,0.48537797223734946,432
val,buildings_fraction_valid,positive_tiles,1.0,0.574884317588308,432
val,roads_fraction_valid,all_tiles,0.0,0.0007570858503809088,432
val,roads_fraction_valid,all_tiles,0.25,0.017059311615760946,432
val,roads_fraction_valid,all_tiles,0.5,0.029956617502604366,432
val,roads_fraction_valid,all_tiles,0.75,0.0668835955859527,432
val,roads_fraction_valid,all_tiles,0.9,0.14717991002626274,432
val,roads_fraction_valid,all_tiles,0.95,0.21373451254087605,432
val,roads_fraction_valid,all_tiles,0.99,0.31792939190684205,432
val,roads_fraction_valid,all_tiles,1.0,0.40637317953611884,432
val,roads_fraction_valid,positive_tiles,0.0,0.0007570858503809088,432
val,roads_fraction_valid,positive_tiles,0.25,0.017059311615760946,432
val,roads_fraction_valid,positive_tiles,0.5,0.029956617502604366,432
val,roads_fraction_valid,positive_tiles,0.75,0.0668835955859527,432
val,roads_fraction_valid,positive_tiles,0.9,0.14717991002626274,432
val,roads_fraction_valid,positive_tiles,0.95,0.21373451254087605,432
val,roads_fraction_valid,positive_tiles,0.99,0.31792939190684205,432
val,roads_fraction_valid,positive_tiles,1.0,0.40637317953611884,432
val,vegetation_fraction_valid,all_tiles,0.0,0.027809593622577542,432
val,vegetation_fraction_valid,all_tiles,0.25,0.8101642317762164,432
val,vegetation_fraction_valid,all_tiles,0.5,0.9287090703432155,432
val,vegetation_fraction_valid,all_tiles,0.75,0.968049910313868,432
val,vegetation_fraction_valid,all_tiles,0.9,0.9797152816290199,432
val,vegetation_fraction_valid,all_tiles,0.95,0.9852866730518454,432
val,vegetation_fraction_valid,all_tiles,0.99,0.9966981601667099,432
val,vegetation_fraction_valid,all_tiles,1.0,0.9988663381146573,432
val,vegetation_fraction_valid,positive_tiles,0.0,0.027809593622577542,432
val,vegetation_fraction_valid,positive_tiles,0.25,0.8101642317762164,432
val,vegetation_fraction_valid,positive_tiles,0.5,0.9287090703432155,432
val,vegetation_fraction_valid,positive_tiles,0.75,0.968049910313868,432
val,vegetation_fraction_valid,positive_tiles,0.9,0.9797152816290199,432
val,vegetation_fraction_valid,positive_tiles,0.95,0.9852866730518454,432
val,vegetation_fraction_valid,positive_tiles,0.99,0.9966981601667099,432
val,vegetation_fraction_valid,positive_tiles,1.0,0.9988663381146573,432
val,bare_land_fraction_valid,all_tiles,0.0,0.0,432
val,bare_land_fraction_valid,all_tiles,0.25,0.0,432
val,bare_land_fraction_valid,all_tiles,0.5,0.0,432
val,bare_land_fraction_valid,all_tiles,0.75,0.0,432
val,bare_land_fraction_valid,all_tiles,0.9,0.006693822310409851,432
val,bare_land_fraction_valid,all_tiles,0.95,0.01945382548665566,432
val,bare_land_fraction_valid,all_tiles,0.99,0.052032748333945056,432
val,bare_land_fraction_valid,all_tiles,1.0,0.11738082765845993,432
val,bare_land_fraction_valid,positive_tiles,0.0,4.688452341881945e-05,98
val,bare_land_fraction_valid,positive_tiles,0.25,0.0018773586565953462,98
val,bare_land_fraction_valid,positive_tiles,0.5,0.0050933148319156525,98
val,bare_land_fraction_valid,positive_tiles,0.75,0.018340711944206865,98
val,bare_land_fraction_valid,positive_tiles,0.9,0.03169005456150927,98
val,bare_land_fraction_valid,positive_tiles,0.95,0.04868475739267813,98
val,bare_land_fraction_valid,positive_tiles,0.99,0.09425230788464642,98
val,bare_land_fraction_valid,positive_tiles,1.0,0.11738082765845993,98
val,water_fraction_valid,all_tiles,0.0,0.0,432
val,water_fraction_valid,all_tiles,0.25,0.0,432
val,water_fraction_valid,all_tiles,0.5,0.0,432
val,water_fraction_valid,all_tiles,0.75,0.011663185720235988,432
val,water_fraction_valid,all_tiles,0.9,0.08016266179234946,432
val,water_fraction_valid,all_tiles,0.95,0.14063742567818646,432
val,water_fraction_valid,all_tiles,0.99,0.3370063919504013,432
val,water_fraction_valid,all_tiles,1.0,0.7079541332155644,432
val,water_fraction_valid,positive_tiles,0.0,0.00012306480592680106,209
val,water_fraction_valid,positive_tiles,0.25,0.0039022592908941702,209
val,water_fraction_valid,positive_tiles,0.5,0.012041042918947892,209
val,water_fraction_valid,positive_tiles,0.75,0.05635890934874627,209
val,water_fraction_valid,positive_tiles,0.9,0.14429019643667484,209
val,water_fraction_valid,positive_tiles,0.95,0.2169443476278371,209
val,water_fraction_valid,positive_tiles,0.99,0.4958470387419458,209
val,water_fraction_valid,positive_tiles,1.0,0.7079541332155644,209
test,valid_fraction_source_pixels,all_tiles,0.0,0.0,432
test,valid_fraction_source_pixels,all_tiles,0.25,0.6791114807128906,432
test,valid_fraction_source_pixels,all_tiles,0.5,0.8569488525390625,432
test,valid_fraction_source_pixels,all_tiles,0.75,0.9334554257600204,432
test,valid_fraction_source_pixels,all_tiles,0.9,0.9679614523182745,432
test,valid_fraction_source_pixels,all_tiles,0.95,0.9820289611816406,432
test,valid_fraction_source_pixels,all_tiles,0.99,0.9973306274414062,432
test,valid_fraction_source_pixels,all_tiles,1.0,1.0,432
test,valid_fraction_source_pixels,positive_tiles,0.0,0.000518798828125,421
test,valid_fraction_source_pixels,positive_tiles,0.25,0.7076416015625,421
test,valid_fraction_source_pixels,positive_tiles,0.5,0.861114501953125,421
test,valid_fraction_source_pixels,positive_tiles,0.75,0.934478759765625,421
test,valid_fraction_source_pixels,positive_tiles,0.9,0.96832275390625,421
test,valid_fraction_source_pixels,positive_tiles,0.95,0.9820709228515625,421
test,valid_fraction_source_pixels,positive_tiles,0.99,0.9974548339843751,421
test,valid_fraction_source_pixels,positive_tiles,1.0,1.0,421
test,padding_fraction,all_tiles,0.0,0.0,432
test,padding_fraction,all_tiles,0.25,0.0,432
test,padding_fraction,all_tiles,0.5,0.0,432
test,padding_fraction,all_tiles,0.75,0.0,432
test,padding_fraction,all_tiles,0.9,0.28125,432
test,padding_fraction,all_tiles,0.95,0.28125,432
test,padding_fraction,all_tiles,0.99,0.28125,432
test,padding_fraction,all_tiles,1.0,0.4833984375,432
test,padding_fraction,positive_tiles,0.0,0.28125,69
test,padding_fraction,positive_tiles,0.25,0.28125,69
test,padding_fraction,positive_tiles,0.5,0.28125,69
test,padding_fraction,positive_tiles,0.75,0.28125,69
test,padding_fraction,positive_tiles,0.9,0.28125,69
test,padding_fraction,positive_tiles,0.95,0.28125,69
test,padding_fraction,positive_tiles,0.99,0.4833984375,69
test,padding_fraction,positive_tiles,1.0,0.4833984375,69
test,conflict_fraction_source_pixels,all_tiles,0.0,0.0,432
test,conflict_fraction_source_pixels,all_tiles,0.25,0.01232147216796875,432
test,conflict_fraction_source_pixels,all_tiles,0.5,0.022735595703125,432
test,conflict_fraction_source_pixels,all_tiles,0.75,0.048053741455078125,432
test,conflict_fraction_source_pixels,all_tiles,0.9,0.09176483154296883,432
test,conflict_fraction_source_pixels,all_tiles,0.95,0.131024169921875,432
test,conflict_fraction_source_pixels,all_tiles,0.99,0.2385093688964843,432
test,conflict_fraction_source_pixels,all_tiles,1.0,0.356719970703125,432
test,conflict_fraction_source_pixels,positive_tiles,0.0,1.52587890625e-05,418
test,conflict_fraction_source_pixels,positive_tiles,0.25,0.01379444288170856,418
test,conflict_fraction_source_pixels,positive_tiles,0.5,0.023989470108695652,418
test,conflict_fraction_source_pixels,positive_tiles,0.75,0.049037933349609375,418
test,conflict_fraction_source_pixels,positive_tiles,0.9,0.094293212890625,418
test,conflict_fraction_source_pixels,positive_tiles,0.95,0.13131256103515623,418
test,conflict_fraction_source_pixels,positive_tiles,0.99,0.24332656860351506,418
test,conflict_fraction_source_pixels,positive_tiles,1.0,0.356719970703125,418
test,buildings_fraction_valid,all_tiles,0.0,0.0,432
test,buildings_fraction_valid,all_tiles,0.25,0.005006272243548045,432
test,buildings_fraction_valid,all_tiles,0.5,0.011440190896676583,432
test,buildings_fraction_valid,all_tiles,0.75,0.03442333110026208,432
test,buildings_fraction_valid,all_tiles,0.9,0.1009218670642404,432
test,buildings_fraction_valid,all_tiles,0.95,0.161859508235224,432
test,buildings_fraction_valid,all_tiles,0.99,0.37210361361338107,432
test,buildings_fraction_valid,all_tiles,1.0,0.4820967431104259,432
test,buildings_fraction_valid,positive_tiles,0.0,1.52587890625e-05,411
test,buildings_fraction_valid,positive_tiles,0.25,0.00595067173986087,411
test,buildings_fraction_valid,positive_tiles,0.5,0.01223614293374933,411
test,buildings_fraction_valid,positive_tiles,0.75,0.036778943266407765,411
test,buildings_fraction_valid,positive_tiles,0.9,0.1038540679259242,411
test,buildings_fraction_valid,positive_tiles,0.95,0.16458163450844093,411
test,buildings_fraction_valid,positive_tiles,0.99,0.3748687871514183,411
test,buildings_fraction_valid,positive_tiles,1.0,0.4820967431104259,411
test,roads_fraction_valid,all_tiles,0.0,0.0,432
test,roads_fraction_valid,all_tiles,0.25,0.009414423178771088,432
test,roads_fraction_valid,all_tiles,0.5,0.017629851794177562,432
test,roads_fraction_valid,all_tiles,0.75,0.035822924785518746,432
test,roads_fraction_valid,all_tiles,0.9,0.0776660800103005,432
test,roads_fraction_valid,all_tiles,0.95,0.12526126700235926,432
test,roads_fraction_valid,all_tiles,0.99,0.2742751889428432,432
test,roads_fraction_valid,all_tiles,1.0,0.3565804708606716,432
test,roads_fraction_valid,positive_tiles,0.0,0.00015756302521008404,414
test,roads_fraction_valid,positive_tiles,0.25,0.010278645242111764,414
test,roads_fraction_valid,positive_tiles,0.5,0.018405599245524824,414
test,roads_fraction_valid,positive_tiles,0.75,0.037315008687711516,414
test,roads_fraction_valid,positive_tiles,0.9,0.08175743845498815,414
test,roads_fraction_valid,positive_tiles,0.95,0.12737787181133983,414
test,roads_fraction_valid,positive_tiles,0.99,0.27879088344761027,414
test,roads_fraction_valid,positive_tiles,1.0,0.3565804708606716,414
test,vegetation_fraction_valid,all_tiles,0.0,0.0,432
test,vegetation_fraction_valid,all_tiles,0.25,0.8546698037269767,432
test,vegetation_fraction_valid,all_tiles,0.5,0.9509406417764166,432
test,vegetation_fraction_valid,all_tiles,0.75,0.9789362087154141,432
test,vegetation_fraction_valid,all_tiles,0.9,0.9898893815561164,432
test,vegetation_fraction_valid,all_tiles,0.95,0.9949336737418824,432
test,vegetation_fraction_valid,all_tiles,0.99,0.9987923700333248,432
test,vegetation_fraction_valid,all_tiles,1.0,1.0,432
test,vegetation_fraction_valid,positive_tiles,0.0,0.01340299863698319,418
test,vegetation_fraction_valid,positive_tiles,0.25,0.8716120095238911,418
test,vegetation_fraction_valid,positive_tiles,0.5,0.9525614419435798,418
test,vegetation_fraction_valid,positive_tiles,0.75,0.9796086233118922,418
test,vegetation_fraction_valid,positive_tiles,0.9,0.9906383705817087,418
test,vegetation_fraction_valid,positive_tiles,0.95,0.995003978219683,418
test,vegetation_fraction_valid,positive_tiles,0.99,0.9988455868246522,418
test,vegetation_fraction_valid,positive_tiles,1.0,1.0,418
test,bare_land_fraction_valid,all_tiles,0.0,0.0,432
test,bare_land_fraction_valid,all_tiles,0.25,0.0,432
test,bare_land_fraction_valid,all_tiles,0.5,0.0,432
test,bare_land_fraction_valid,all_tiles,0.75,0.0,432
test,bare_land_fraction_valid,all_tiles,0.9,0.00010877845601250573,432
test,bare_land_fraction_valid,all_tiles,0.95,0.00627509028603537,432
test,bare_land_fraction_valid,all_tiles,0.99,0.0389005460906246,432
test,bare_land_fraction_valid,all_tiles,1.0,0.10063131313131313,432
test,bare_land_fraction_valid,positive_tiles,0.0,3.0298439630359037e-05,45
test,bare_land_fraction_valid,positive_tiles,0.25,0.001628270292868616,45
test,bare_land_fraction_valid,positive_tiles,0.5,0.006005503495463335,45
test,bare_land_fraction_valid,positive_tiles,0.75,0.026428220348595412,45
test,bare_land_fraction_valid,positive_tiles,0.9,0.03863122283444634,45
test,bare_land_fraction_valid,positive_tiles,0.95,0.05979066021484496,45
test,bare_land_fraction_valid,positive_tiles,0.99,0.08757459285589353,45
test,bare_land_fraction_valid,positive_tiles,1.0,0.10063131313131313,45
test,water_fraction_valid,all_tiles,0.0,0.0,432
test,water_fraction_valid,all_tiles,0.25,0.0,432
test,water_fraction_valid,all_tiles,0.5,0.0,432
test,water_fraction_valid,all_tiles,0.75,0.014985550796637104,432
test,water_fraction_valid,all_tiles,0.9,0.141243374432359,432
test,water_fraction_valid,all_tiles,0.95,0.4370472989074428,432
test,water_fraction_valid,all_tiles,0.99,0.9697799406821175,432
test,water_fraction_valid,all_tiles,1.0,1.0,432
test,water_fraction_valid,positive_tiles,0.0,1.6450344634720098e-05,200
test,water_fraction_valid,positive_tiles,0.25,0.0061884429837707105,200
test,water_fraction_valid,positive_tiles,0.5,0.01825157522513949,200
test,water_fraction_valid,positive_tiles,0.75,0.09245779866877102,200
test,water_fraction_valid,positive_tiles,0.9,0.44855818043523715,200
test,water_fraction_valid,positive_tiles,0.95,0.7766548427787827,200
test,water_fraction_valid,positive_tiles,0.99,1.0,200
test,water_fraction_valid,positive_tiles,1.0,1.0,200
